"credit.rating","account.balance","credit.duration.months","previous.credit.payment.status","credit.purpose","credit.amount","savings","employment.duration","installment.rate","marital.status","guarantor","residence.duration","current.assets","age","other.credits","apartment.type","bank.credits","occupation","dependents","telephone","foreign.worker"
"1","1",18,"3","2",1049,"1","1","4","1","1","4","2",21,"2","1","1","3","1","1","1"
"1","1",9,"3","4",2799,"1","2","2","3","1","2","1",36,"2","1","2","3","2","1","1"
"1","2",12,"2","4",841,"2","3","2","1","1","4","1",23,"2","1","1","2","1","1","1"
"1","1",12,"3","4",2122,"1","2","3","3","1","2","1",39,"2","1","2","2","2","1","2"
"1","1",12,"3","4",2171,"1","2","4","3","1","4","2",38,"1","2","2","2","1","1","2"
"1","1",10,"3","4",2241,"1","1","1","3","1","3","1",48,"2","1","2","2","2","1","2"
"1","1",8,"3","4",3398,"1","3","1","3","1","4","1",39,"2","2","2","2","1","1","2"
"1","1",6,"3","4",1361,"1","1","2","3","1","4","1",40,"2","2","1","2","2","1","2"
"1","3",18,"3","3",1098,"1","1","4","1","1","4","3",65,"2","2","2","1","1","1","1"
"1","2",24,"2","3",3758,"3","1","1","1","1","4","4",23,"2","1","1","1","1","1","1"
"1","1",11,"3","4",3905,"1","2","2","3","1","2","1",36,"2","1","2","3","2","1","1"
"1","1",30,"3","1",6187,"2","3","1","4","1","4","3",24,"2","1","2","3","1","1","1"
"1","1",6,"3","3",1957,"1","3","1","1","1","4","3",31,"2","2","1","3","1","1","1"
"1","2",48,"3","4",7582,"2","1","2","3","1","4","4",31,"2","2","1","4","1","2","1"
"1","1",18,"2","3",1936,"4","3","2","4","1","4","3",23,"2","1","2","2","1","1","1"
"1","1",6,"2","3",2647,"3","2","2","3","1","3","1",44,"2","1","1","3","2","1","1"
"1","1",11,"3","4",3939,"1","2","1","3","1","2","1",40,"2","2","2","2","2","1","1"
"1","2",18,"2","3",3213,"3","1","1","4","1","3","1",25,"2","1","1","3","1","1","1"
"1","2",36,"3","3",2337,"1","4","4","3","1","4","1",36,"2","2","1","3","1","1","1"
"1","3",11,"3","4",7228,"1","2","1","3","1","4","2",39,"2","2","2","2","1","1","1"
"1","1",6,"3","4",3676,"1","2","1","3","1","3","1",37,"2","1","2","3","2","1","1"
"1","2",12,"3","4",3124,"1","1","1","3","1","3","1",49,"1","2","2","2","2","1","1"
"0","2",36,"2","3",2384,"1","1","4","3","1","1","4",33,"2","1","1","2","1","1","1"
"1","2",12,"3","3",1424,"1","3","4","3","1","3","2",26,"2","2","1","3","1","1","1"
"1","1",6,"3","4",4716,"4","1","1","3","1","3","1",44,"2","2","2","2","2","1","1"
"1","2",11,"3","3",4771,"1","3","2","3","1","4","2",51,"2","2","1","3","1","1","1"
"1","1",12,"2","2",652,"1","4","4","1","1","4","2",24,"2","1","1","3","1","1","1"
"1","2",9,"3","3",1154,"1","4","2","3","1","4","1",37,"2","2","2","2","1","1","1"
"1","3",15,"2","4",3556,"4","2","3","3","1","2","4",29,"2","2","1","3","1","1","1"
"1","3",42,"3","1",4796,"1","4","4","3","1","4","4",56,"2","3","1","3","1","1","1"
"1","3",30,"3","3",3017,"1","4","4","3","1","4","2",47,"2","2","1","3","1","1","1"
"1","3",36,"3","4",3535,"1","3","4","3","1","4","3",37,"2","2","2","3","1","2","1"
"1","3",36,"3","4",6614,"1","4","4","3","1","4","3",34,"2","2","2","4","1","2","1"
"1","3",24,"2","3",1376,"3","3","4","1","1","1","3",28,"2","2","1","3","1","1","1"
"1","1",15,"2","4",1721,"1","1","2","3","1","3","1",36,"2","2","1","3","1","1","1"
"1","1",6,"3","4",860,"1","4","1","1","1","4","4",39,"2","2","2","3","1","2","1"
"1","3",12,"3","4",1495,"1","4","4","3","1","1","1",38,"2","2","2","2","2","1","1"
"1","3",12,"3","3",1934,"1","4","2","3","1","2","4",26,"2","2","2","3","1","1","1"
"1","3",18,"2","1",3378,"4","2","2","3","1","1","2",31,"2","2","1","3","1","2","1"
"1","3",24,"3","1",3868,"1","4","4","1","1","2","3",41,"2","1","2","4","1","2","1"
"1","3",12,"3","3",996,"4","3","4","1","1","4","1",23,"2","2","2","3","1","1","1"
"1","1",24,"2","4",1755,"1","4","4","1","2","4","1",58,"2","2","1","2","1","2","1"
"1","3",18,"3","4",1028,"1","2","4","1","1","3","1",36,"2","2","2","3","1","1","1"
"1","2",24,"3","4",2825,"4","3","4","3","1","3","4",34,"2","2","2","3","2","2","1"
"1","2",18,"2","3",1239,"4","2","4","3","1","4","4",61,"2","3","1","3","1","1","1"
"0","1",18,"2","4",1216,"1","1","4","1","1","3","3",23,"2","1","1","3","1","2","1"
"1","3",24,"2","4",1258,"1","3","4","3","1","1","1",25,"2","2","1","3","1","2","1"
"0","3",18,"3","3",1864,"2","2","4","1","1","2","1",30,"2","2","2","3","1","1","1"
"1","3",24,"2","4",1474,"2","1","4","4","1","3","1",33,"2","2","1","3","1","2","1"
"1","1",24,"3","4",1382,"2","3","4","3","1","1","1",26,"2","2","2","3","1","2","1"
"1","3",12,"2","4",640,"1","2","4","1","1","2","1",49,"2","2","1","2","1","1","1"
"1","3",36,"2","3",3919,"1","2","2","3","1","2","1",23,"2","2","1","3","1","2","1"
"1","3",9,"3","4",1224,"1","2","3","3","1","1","1",30,"2","2","2","3","1","1","1"
"1","3",12,"3","3",2331,"4","4","1","3","2","4","1",49,"2","2","1","3","1","2","1"
"1","3",24,"2","1",6313,"4","4","3","3","1","4","3",41,"2","2","1","4","2","2","1"
"1","1",12,"3","3",385,"1","3","4","1","1","3","1",58,"2","2","2","2","1","2","1"
"1","3",12,"3","3",1655,"1","4","2","3","1","4","1",63,"2","2","2","2","1","2","1"
"1","1",15,"2","3",1053,"1","1","4","4","1","2","1",27,"2","2","1","3","1","1","2"
"1","3",21,"2","3",3160,"4","4","4","3","1","3","2",41,"2","2","1","3","1","2","1"
"1","3",36,"2","4",3079,"4","2","4","3","1","4","1",36,"2","2","1","3","1","1","1"
"1","3",12,"3","4",1163,"3","2","4","3","1","4","1",44,"2","2","1","3","1","2","1"
"1","3",24,"2","1",2679,"1","1","4","1","1","1","4",29,"2","2","1","4","1","2","1"
"1","3",48,"3","3",3578,"4","4","4","3","1","1","1",47,"2","2","1","3","1","2","1"
"1","3",36,"3","4",10875,"1","4","2","3","1","2","3",45,"2","2","2","3","2","2","1"
"1","1",12,"3","4",1344,"1","2","4","3","1","2","1",43,"2","2","2","2","2","1","1"
"1","3",6,"3","3",1237,"2","2","1","1","1","1","2",27,"2","2","2","3","1","1","1"
"1","3",12,"2","3",3077,"1","2","2","3","1","4","3",52,"2","2","1","3","1","2","1"
"1","3",24,"2","3",2284,"1","3","4","3","1","2","3",28,"2","2","1","3","1","2","1"
"1","2",12,"2","3",1567,"1","2","1","1","1","1","3",22,"2","2","1","3","1","2","1"
"1","3",24,"3","4",2032,"1","4","4","3","1","4","4",60,"2","3","2","3","1","2","1"
"1","2",21,"3","2",2745,"3","3","3","3","1","2","3",32,"2","2","2","3","1","2","1"
"1","3",30,"2","3",1867,"4","4","4","3","1","4","3",58,"2","2","1","3","1","2","1"
"1","3",36,"2","3",2299,"3","4","4","3","1","4","3",39,"2","2","1","3","1","1","1"
"1","3",24,"2","2",929,"4","3","4","3","1","2","3",31,"1","2","1","3","1","2","1"
"1","3",12,"2","3",3399,"4","4","2","3","1","3","3",37,"2","2","1","4","1","1","1"
"1","2",9,"2","2",2030,"4","3","2","3","1","1","3",24,"2","2","1","3","1","2","1"
"1","3",21,"3","1",3275,"1","4","1","3","1","4","3",36,"2","2","1","4","1","2","1"
"1","3",24,"3","4",1940,"3","4","4","3","1","4","1",60,"2","2","1","3","1","2","1"
"1","1",21,"3","4",1602,"1","4","4","4","1","3","3",30,"2","2","2","3","1","2","1"
"1","3",15,"2","3",1979,"4","4","4","3","1","2","3",35,"2","2","1","3","1","1","1"
"1","3",24,"3","4",2022,"1","2","4","1","1","4","3",37,"2","2","1","3","1","2","1"
"1","3",36,"3","3",3342,"4","4","4","3","1","2","3",51,"2","2","1","3","1","2","1"
"1","2",18,"2","4",5866,"2","2","2","3","1","2","3",30,"2","2","2","3","1","2","1"
"1","3",15,"3","1",2360,"3","2","2","3","1","2","3",36,"2","2","1","3","1","2","1"
"1","3",15,"3","2",1520,"4","4","4","3","1","4","2",63,"2","2","1","3","1","1","1"
"1","1",12,"2","4",3651,"3","2","1","3","1","3","2",31,"2","2","1","3","2","1","1"
"1","3",24,"3","1",2346,"1","3","4","3","1","3","3",35,"2","2","2","3","1","2","1"
"1","3",36,"3","3",4454,"1","2","4","1","1","4","1",34,"2","2","2","3","1","1","1"
"1","1",6,"3","4",666,"3","3","3","1","1","4","1",39,"2","2","2","2","1","2","1"
"1","2",24,"3","4",1965,"4","2","4","1","1","4","3",42,"2","1","2","3","1","2","1"
"1","2",12,"3","4",1995,"2","1","4","3","1","1","3",27,"2","2","1","3","1","1","1"
"1","2",30,"2","3",2991,"4","4","2","1","1","4","3",25,"2","2","1","3","1","1","1"
"1","2",30,"1","4",4221,"1","2","2","1","1","1","3",28,"2","2","2","3","1","1","1"
"1","1",9,"2","3",1364,"1","3","3","3","1","4","1",59,"2","2","1","3","1","1","1"
"1","2",18,"3","2",6361,"1","4","2","3","1","1","4",41,"2","2","1","3","1","2","1"
"1","3",27,"3","2",4526,"3","1","4","3","1","2","1",32,"1","2","2","2","2","2","1"
"1","2",12,"3","3",3573,"1","2","1","1","1","1","1",23,"2","2","1","2","1","1","1"
"0","2",36,"3","4",4455,"1","2","2","1","1","2","1",30,"1","2","2","4","1","2","1"
"1","1",9,"2","2",2136,"1","2","3","3","1","2","1",25,"2","2","1","3","1","1","1"
"1","2",42,"3","4",5954,"1","3","2","1","1","1","1",41,"1","2","2","2","1","1","1"
"1","3",24,"3","2",3777,"3","2","4","3","1","4","1",40,"2","2","1","3","1","2","1"
"1","1",15,"2","4",806,"1","2","4","1","1","4","2",22,"2","2","1","2","1","1","1"
"1","2",24,"3","4",4712,"4","2","4","3","1","2","2",34,"1","2","2","4","1","2","1"
"1","2",36,"3","4",7432,"1","2","2","1","1","2","2",54,"2","1","1","3","1","1","1"
"1","3",24,"3","3",1851,"1","3","4","4","2","2","3",33,"2","2","2","3","1","2","1"
"1","3",24,"2","4",1393,"1","2","2","3","2","2","1",31,"2","2","1","3","1","2","1"
"1","3",12,"3","4",1412,"1","2","4","1","2","2","1",29,"2","2","2","4","1","2","1"
"1","3",18,"2","3",1473,"1","1","3","4","1","4","1",39,"2","2","1","3","1","2","1"
"1","3",24,"2","3",1533,"1","1","4","1","1","3","3",38,"1","2","1","3","1","2","1"
"1","3",12,"3","3",2012,"4","3","4","1","1","2","3",61,"2","2","1","3","1","1","1"
"0","1",15,"2","4",3959,"1","2","3","1","1","2","2",29,"2","2","1","3","1","2","1"
"1","1",6,"2","2",428,"1","4","2","1","1","1","2",49,"1","2","1","3","1","2","1"
"1","2",12,"3","4",2366,"3","3","3","1","1","3","3",36,"2","2","1","4","1","2","1"
"1","3",12,"2","2",763,"1","2","4","1","1","1","1",26,"2","2","1","3","1","2","1"
"1","2",21,"2","2",3976,"4","3","2","3","1","3","3",35,"2","2","1","3","1","2","1"
"1","2",18,"2","4",6260,"1","3","3","3","1","3","1",28,"2","1","1","2","1","1","1"
"1","2",9,"3","2",1919,"1","3","4","3","1","3","3",35,"2","1","1","3","1","2","1"
"1","3",24,"2","1",2603,"3","2","2","1","1","4","3",28,"2","1","1","3","1","2","1"
"1","3",9,"3","3",936,"3","4","4","3","1","2","3",52,"2","2","2","3","1","2","1"
"1","3",24,"2","2",3062,"3","4","4","3","1","3","4",32,"2","1","1","3","1","2","1"
"1","2",36,"2","3",4795,"1","1","4","1","1","1","4",30,"2","2","1","4","1","2","1"
"1","3",36,"3","1",5842,"1","4","2","3","1","2","2",35,"2","2","2","3","2","2","1"
"1","2",6,"2","3",2063,"1","1","4","4","1","3","3",30,"2","1","1","4","1","2","1"
"1","3",15,"3","3",1459,"1","2","4","1","1","2","3",43,"2","2","1","2","1","1","1"
"1","3",15,"2","3",1213,"3","4","4","3","1","3","2",47,"1","2","1","3","1","2","1"
"1","3",24,"3","3",5103,"1","1","3","4","1","3","4",47,"2","3","2","3","1","2","1"
"1","3",15,"2","3",874,"4","1","4","1","1","1","1",24,"2","2","1","3","1","1","1"
"1","3",6,"2","2",2978,"3","2","1","3","1","2","3",32,"2","2","1","3","1","2","1"
"1","3",18,"2","4",1820,"1","2","2","4","1","2","2",30,"2","2","1","4","1","2","1"
"1","3",24,"3","3",2872,"2","4","3","3","1","4","1",36,"2","2","1","3","2","2","1"
"1","3",24,"2","2",1925,"1","2","2","3","1","2","1",26,"2","2","1","3","1","1","1"
"1","3",18,"2","2",2515,"1","2","3","3","1","4","1",43,"2","2","1","3","1","2","1"
"1","3",6,"2","2",2116,"1","2","2","3","1","2","1",41,"2","2","1","3","1","2","1"
"1","3",18,"2","3",1453,"1","1","3","1","1","1","1",26,"2","2","1","3","1","1","1"
"1","3",10,"2","4",1364,"1","2","2","1","1","4","3",64,"2","2","1","3","1","2","1"
"1","3",6,"2","2",1543,"3","2","4","1","1","2","1",33,"2","2","1","3","1","1","1"
"1","2",12,"2","4",1318,"3","4","4","3","1","4","1",54,"2","2","1","3","1","2","1"
"1","1",24,"1","4",2325,"2","3","2","3","1","3","3",32,"1","2","1","3","1","1","1"
"1","2",6,"3","4",932,"4","3","1","1","1","3","2",39,"2","2","2","2","1","1","1"
"1","3",24,"3","3",3148,"4","2","3","3","1","2","3",31,"2","2","2","3","1","2","1"
"1","3",36,"2","3",3835,"4","4","2","1","1","4","1",45,"2","2","1","2","1","2","1"
"1","3",9,"2","3",3832,"4","4","1","3","1","4","1",64,"2","2","1","2","1","1","1"
"1","2",24,"2","3",5084,"4","4","2","1","1","4","3",42,"2","2","1","3","1","2","1"
"1","3",9,"3","2",2406,"1","1","2","3","1","3","3",31,"2","2","1","4","1","1","1"
"1","3",36,"2","3",2394,"4","2","4","1","1","4","3",25,"2","2","1","3","1","1","1"
"1","3",21,"2","1",2476,"4","4","4","3","1","4","1",46,"2","2","1","4","1","2","1"
"1","1",24,"2","1",2964,"4","4","4","3","1","4","4",49,"1","3","1","3","2","2","1"
"1","1",12,"2","2",1262,"4","4","2","1","1","4","2",49,"2","2","1","2","1","2","1"
"1","3",12,"2","4",1542,"1","3","2","3","1","4","3",36,"2","2","1","3","1","2","1"
"1","2",24,"3","3",1743,"1","4","4","3","1","2","2",48,"2","2","2","2","1","1","1"
"1","3",12,"1","3",409,"3","2","3","1","1","3","1",42,"2","1","2","3","1","1","1"
"1","3",12,"2","3",2171,"1","1","2","1","1","2","3",29,"1","2","1","3","1","1","1"
"1","3",48,"3","1",8858,"4","3","2","3","1","1","4",35,"2","3","2","3","1","2","1"
"1","2",24,"2","4",3512,"2","3","2","3","1","3","3",38,"1","2","2","3","1","2","1"
"1","2",12,"2","3",1158,"3","2","3","1","1","1","3",26,"2","2","1","3","1","2","1"
"1","3",24,"3","3",2684,"1","2","4","3","1","2","1",35,"2","2","2","2","1","1","1"
"1","1",12,"2","3",1498,"1","2","4","1","1","1","3",23,"1","2","1","3","1","1","1"
"1","3",30,"3","3",5954,"1","3","3","3","2","2","3",38,"2","2","1","3","1","1","1"
"0","2",48,"1","4",6416,"1","4","4","1","1","3","4",59,"2","1","1","3","1","1","1"
"1","2",12,"3","2",3617,"1","4","1","3","1","4","3",28,"2","1","2","3","1","2","1"
"1","3",12,"3","3",1291,"1","2","4","1","1","2","2",35,"2","2","2","3","1","1","1"
"1","3",24,"3","4",1275,"3","2","2","1","1","4","1",36,"2","2","2","3","1","2","1"
"1","3",24,"2","2",3972,"1","3","2","1","1","4","2",25,"2","1","1","3","1","2","1"
"1","3",15,"3","2",3343,"1","2","4","3","1","2","4",28,"2","3","1","3","1","2","1"
"1","3",15,"2","3",392,"1","1","4","1","1","4","2",23,"2","1","1","3","1","2","1"
"1","3",9,"3","4",2134,"1","2","4","3","1","4","3",48,"2","2","2","3","1","2","1"
"1","3",30,"3","3",5771,"1","3","4","1","1","2","3",25,"2","2","2","3","1","1","1"
"1","3",24,"3","4",4526,"1","2","3","3","1","2","1",74,"2","2","1","4","1","2","1"
"1","3",15,"3","2",2788,"1","3","2","1","2","3","3",24,"1","2","2","3","1","1","1"
"1","3",6,"3","3",1382,"1","2","1","1","1","1","3",28,"2","2","2","3","1","2","1"
"1","3",36,"2","3",5848,"1","2","4","3","1","1","3",24,"2","2","1","3","1","1","1"
"0","1",12,"2","4",1228,"1","2","4","1","1","2","1",24,"2","2","1","2","1","1","1"
"1","3",12,"2","3",1297,"1","2","3","4","1","4","1",23,"2","1","1","3","1","1","1"
"1","3",24,"2","3",1552,"1","3","3","3","1","1","3",32,"1","2","1","3","2","1","1"
"1","3",12,"2","3",1963,"1","3","4","3","1","2","3",31,"2","1","2","4","2","2","1"
"1","3",24,"2","3",3235,"3","4","3","1","1","2","3",36,"2","2","1","4","1","2","1"
"1","3",24,"3","4",4139,"2","2","3","3","1","3","2",27,"2","2","2","2","1","2","1"
"1","2",12,"3","1",1804,"2","1","3","3","1","4","2",44,"2","2","1","3","1","1","1"
"1","3",18,"2","4",1950,"1","3","4","3","1","1","3",34,"1","2","2","3","1","2","1"
"1","3",48,"3","3",12749,"3","3","4","3","1","1","3",37,"2","2","1","4","1","2","1"
"1","3",9,"2","3",1236,"1","1","1","1","1","4","1",23,"2","1","1","3","1","2","1"
"1","3",18,"3","4",1055,"1","1","4","1","1","1","2",30,"2","2","2","3","1","1","1"
"1","1",30,"1","4",8072,"4","1","2","3","1","3","3",25,"1","2","2","3","1","1","1"
"1","3",30,"3","3",2831,"1","2","4","1","1","2","3",33,"2","2","1","3","1","2","1"
"1","3",9,"2","4",1449,"1","3","3","1","1","2","3",27,"2","2","2","3","1","1","1"
"1","3",36,"2","4",5742,"2","3","2","3","1","2","3",31,"2","2","2","3","1","2","1"
"1","3",12,"2","4",2390,"4","4","4","3","1","3","3",50,"2","2","1","3","1","2","1"
"1","3",24,"2","3",3430,"3","4","3","3","1","2","3",31,"2","2","1","3","2","2","1"
"1","2",36,"2","3",2273,"1","3","3","3","1","1","3",32,"2","2","2","3","2","1","1"
"1","3",21,"2","4",2923,"2","2","1","1","1","1","3",28,"1","2","1","4","1","2","1"
"1","3",24,"2","3",1901,"2","2","4","3","1","4","3",29,"2","1","1","4","1","2","1"
"1","2",36,"2","3",3711,"4","2","2","4","1","2","3",27,"2","2","1","3","1","1","1"
"1","2",48,"2","4",8487,"4","3","1","1","1","2","3",24,"2","2","1","3","1","1","1"
"1","3",24,"2","4",2255,"4","1","4","3","1","1","2",54,"2","2","1","3","1","1","1"
"1","3",12,"2","3",1262,"1","2","3","3","1","2","3",25,"2","2","1","3","1","1","1"
"1","3",33,"3","1",7253,"1","3","3","3","1","2","3",35,"2","2","2","4","1","2","1"
"1","3",6,"3","4",6761,"1","3","1","3","1","3","4",45,"2","2","2","4","2","2","1"
"1","3",18,"3","2",1817,"1","2","4","1","1","2","4",28,"2","2","2","3","1","1","1"
"1","3",12,"2","3",2141,"2","3","3","3","1","1","4",35,"2","2","1","3","1","1","1"
"1","3",48,"1","4",3609,"1","2","1","1","1","1","1",27,"1","2","1","3","1","1","1"
"1","3",30,"2","3",2333,"3","4","4","3","1","2","3",30,"1","2","1","4","1","1","1"
"1","3",28,"1","1",7824,"4","1","3","3","2","4","1",40,"1","1","2","3","2","2","1"
"1","3",18,"1","3",1445,"4","3","4","3","1","4","3",49,"1","2","1","2","1","1","1"
"1","1",24,"2","2",7721,"4","1","1","1","1","2","2",30,"2","2","1","3","1","2","2"
"1","1",21,"2","4",3763,"4","3","2","3","2","2","1",24,"2","2","1","2","1","1","2"
"1","2",18,"2","4",4439,"1","4","1","3","2","1","1",33,"1","2","1","4","1","2","1"
"1","1",12,"2","3",1107,"1","2","2","3","1","2","1",20,"2","1","1","4","2","2","1"
"1","2",15,"2","3",1444,"4","1","4","3","1","1","2",23,"2","2","1","3","1","1","1"
"1","2",48,"1","4",12169,"4","1","4","3","2","4","4",36,"2","3","1","4","1","2","1"
"1","3",9,"2","3",2753,"2","4","3","3","2","4","3",35,"2","2","1","3","1","2","1"
"1","3",4,"2","4",1494,"4","1","1","3","1","2","1",29,"2","2","1","2","2","1","2"
"1","1",24,"1","2",2828,"3","2","4","3","1","4","1",22,"1","2","1","3","1","2","1"
"1","1",24,"1","2",2483,"3","2","4","3","1","4","1",22,"1","2","1","3","1","2","1"
"1","3",6,"3","4",1299,"1","2","1","3","1","1","1",74,"2","2","2","1","2","1","2"
"1","2",9,"2","4",1549,"4","1","4","3","1","2","1",35,"2","2","1","1","1","1","1"
"1","3",10,"2","4",3949,"1","1","1","3","2","1","2",37,"2","2","1","2","2","1","1"
"1","3",10,"2","1",2901,"4","1","1","1","1","4","1",31,"2","1","1","3","1","1","1"
"1","3",6,"2","4",709,"3","1","2","4","1","2","1",27,"2","2","1","1","1","1","2"
"1","1",47,"2","4",10722,"1","1","1","1","1","1","1",35,"2","2","1","2","1","2","1"
"1","3",10,"2","4",1287,"4","4","4","3","2","2","2",45,"2","2","1","2","1","1","2"
"1","1",18,"1","3",1940,"1","1","3","3","2","4","4",36,"1","3","1","4","1","2","1"
"1","3",30,"3","3",3656,"4","4","4","3","1","4","2",49,"1","2","2","2","1","1","1"
"1","3",24,"3","1",4679,"1","3","3","3","1","3","3",35,"2","2","2","2","1","2","1"
"1","3",27,"3","1",8613,"3","2","2","3","1","2","3",27,"2","2","2","3","1","1","1"
"1","1",18,"2","2",2659,"3","2","4","3","1","2","3",28,"2","2","1","3","1","1","1"
"1","3",24,"3","3",1516,"3","2","4","1","1","1","1",43,"2","2","2","2","1","1","1"
"1","1",18,"2","4",4380,"2","2","3","3","1","4","3",35,"2","2","1","2","2","2","1"
"1","3",14,"3","4",802,"1","2","4","3","1","2","3",27,"2","2","2","2","1","1","1"
"1","3",21,"2","4",1572,"3","4","4","1","1","4","1",36,"1","2","1","2","1","1","1"
"1","2",48,"1","4",3566,"2","3","4","3","1","2","3",30,"2","2","1","3","1","1","1"
"1","3",24,"2","3",1278,"1","4","4","3","1","1","1",36,"2","2","1","4","1","2","1"
"1","3",6,"1","3",426,"1","4","4","4","1","4","3",39,"2","2","1","2","1","1","1"
"1","3",39,"2","1",8588,"2","4","4","3","1","2","3",45,"2","2","1","4","1","2","1"
"1","1",30,"2","1",3857,"1","2","4","1","1","4","2",40,"2","2","1","4","1","2","1"
"0","2",12,"2","4",685,"1","3","2","4","1","3","3",25,"1","2","1","2","1","1","1"
"1","1",24,"2","3",1603,"1","4","4","1","1","4","3",55,"2","2","1","3","1","1","1"
"1","3",21,"2","2",2241,"1","4","4","3","1","2","1",50,"2","2","2","3","1","1","1"
"1","1",24,"2","3",2384,"1","4","4","3","1","4","1",64,"1","1","1","2","1","1","1"
"1","3",4,"2","2",601,"1","1","1","1","1","3","1",23,"2","1","1","2","2","1","1"
"1","3",39,"2","1",2569,"3","2","4","3","1","4","3",24,"2","2","1","3","1","1","1"
"1","3",15,"3","3",1316,"3","2","2","4","1","2","2",47,"2","2","2","2","1","1","1"
"1","3",60,"2","4",10366,"1","4","2","3","1","4","2",42,"2","2","1","4","1","2","1"
"1","3",18,"2","4",1568,"2","2","3","1","1","4","2",24,"2","1","1","2","1","1","1"
"1","3",18,"3","3",629,"3","4","4","3","1","3","2",32,"1","2","2","4","1","2","1"
"1","3",6,"1","3",1750,"3","4","2","3","1","4","2",45,"1","2","1","2","2","1","1"
"1","3",24,"2","1",3488,"2","3","3","1","1","4","3",23,"2","2","1","3","1","1","1"
"1","3",18,"3","3",1800,"1","2","4","3","1","2","3",24,"2","2","2","3","1","1","1"
"1","3",24,"3","2",4151,"2","2","2","3","1","3","2",35,"2","2","2","3","1","1","1"
"1","2",15,"2","3",2631,"2","2","3","1","1","2","1",25,"2","2","1","2","1","1","1"
"1","3",21,"2","1",5248,"4","2","1","3","1","3","3",26,"2","2","1","3","1","1","1"
"1","2",18,"3","4",2899,"4","4","4","3","1","4","3",43,"2","2","1","3","2","1","1"
"1","2",18,"3","3",6204,"1","2","2","3","1","4","1",44,"2","2","1","2","2","2","1"
"1","3",12,"2","3",804,"1","4","4","3","1","4","3",38,"2","2","1","3","1","1","1"
"1","3",36,"2","3",3595,"1","4","4","3","1","2","3",28,"2","2","1","3","1","1","1"
"1","3",36,"3","1",5711,"3","4","4","3","1","2","3",38,"2","2","2","4","1","2","1"
"1","3",15,"2","4",2687,"1","3","2","3","1","4","2",26,"2","1","1","3","1","2","1"
"1","1",15,"3","2",3643,"1","4","1","1","1","4","2",27,"2","2","2","2","1","1","1"
"1","3",10,"3","2",2146,"1","1","1","1","1","3","1",23,"2","1","2","3","1","1","1"
"1","1",10,"2","3",2315,"1","4","3","3","1","4","1",52,"2","2","1","2","1","1","1"
"1","3",5,"2","4",3448,"1","3","1","3","1","4","1",74,"2","2","1","2","1","1","1"
"1","3",15,"2","2",2708,"1","1","2","3","1","3","2",27,"1","2","2","2","1","1","1"
"1","3",11,"3","4",1393,"1","1","4","1","1","4","3",35,"2","2","2","4","1","1","1"
"1","3",10,"2","2",1275,"1","1","4","1","1","2","2",23,"2","2","1","3","1","1","1"
"1","3",9,"2","2",1313,"1","4","1","3","1","4","3",20,"2","2","1","3","1","1","1"
"1","3",12,"2","3",1493,"1","1","4","1","1","3","3",34,"2","2","1","3","2","1","1"
"1","3",22,"2","3",2675,"3","4","3","3","1","4","3",40,"2","2","1","3","1","1","1"
"1","2",9,"2","3",2118,"1","2","2","3","1","2","1",37,"2","2","1","2","2","1","1"
"1","3",36,"2","4",909,"3","4","4","3","1","4","2",36,"2","2","1","3","1","1","1"
"1","3",12,"3","2",1258,"1","1","2","1","1","4","2",22,"2","1","2","2","1","1","1"
"1","3",15,"1","3",1569,"2","4","4","3","1","4","3",34,"1","2","1","2","2","1","1"
"1","3",6,"2","1",1236,"3","2","2","3","1","4","2",50,"2","1","1","3","1","1","1"
"1","3",36,"3","2",7678,"3","3","2","1","1","4","3",40,"2","2","2","3","1","2","1"
"1","3",6,"2","3",660,"3","3","2","4","1","4","1",23,"2","1","1","2","1","1","1"
"1","3",24,"2","2",2835,"3","4","3","3","1","4","2",53,"2","2","1","3","1","1","1"
"1","3",24,"2","1",2670,"1","4","4","3","1","4","3",35,"2","2","1","4","1","2","1"
"1","3",12,"1","4",3447,"3","2","4","1","1","3","1",35,"2","2","1","2","2","1","1"
"1","3",15,"2","3",3568,"1","4","4","1","1","2","3",54,"1","1","1","4","1","2","1"
"1","2",21,"3","4",3652,"1","3","2","3","1","3","2",27,"2","2","2","3","1","1","1"
"1","1",24,"2","3",3660,"1","2","2","1","1","4","3",28,"2","2","1","3","1","1","1"
"1","3",9,"2","3",1126,"2","4","2","1","1","4","1",49,"2","2","1","3","1","1","1"
"1","3",6,"3","3",683,"1","1","2","1","1","1","2",29,"1","2","1","3","1","1","1"
"1","3",12,"2","2",2251,"1","2","1","1","1","2","3",46,"2","2","1","2","1","1","1"
"1","3",12,"2","1",4675,"4","1","1","1","1","4","3",20,"2","1","1","3","1","1","1"
"1","2",21,"3","4",2353,"1","2","1","1","1","4","2",47,"2","2","2","3","1","1","1"
"1","1",21,"2","3",3357,"3","1","4","1","1","2","3",29,"1","2","1","3","1","1","1"
"1","3",6,"2","4",672,"1","1","1","1","1","4","1",54,"2","2","1","1","1","2","1"
"1","1",6,"3","3",338,"3","4","4","3","1","4","3",52,"2","2","2","3","1","1","1"
"1","3",9,"2","3",2697,"1","2","1","3","1","2","1",32,"2","2","1","3","2","1","1"
"1","3",9,"2","4",2507,"3","4","2","3","1","4","4",51,"2","3","1","2","1","1","1"
"1","3",15,"3","3",1478,"1","2","4","4","1","3","1",33,"1","2","2","3","1","1","1"
"1","3",12,"3","3",3565,"4","1","2","3","1","1","2",37,"2","2","2","2","2","1","1"
"1","3",15,"2","2",2221,"3","2","2","1","1","4","3",20,"2","1","1","3","1","1","1"
"1","3",6,"3","3",1898,"4","2","1","3","1","2","1",34,"2","2","2","2","2","1","1"
"1","2",6,"3","4",1449,"2","4","1","1","1","2","3",31,"1","2","2","3","2","1","1"
"1","3",15,"3","2",960,"3","3","3","1","1","2","2",30,"2","2","2","3","1","1","1"
"1","3",36,"2","1",8133,"1","2","1","1","1","2","2",30,"1","2","1","3","1","1","1"
"1","3",9,"2","2",2301,"2","1","2","1","1","4","2",22,"2","1","1","3","1","1","1"
"1","3",6,"3","4",1743,"2","2","1","3","1","2","1",34,"2","2","2","2","1","1","1"
"1","2",12,"2","2",983,"3","1","1","1","1","4","1",19,"2","1","1","2","1","1","1"
"1","3",18,"3","3",2320,"1","1","2","4","1","3","1",34,"2","2","2","3","1","1","1"
"1","1",12,"1","4",339,"1","4","4","4","1","1","3",45,"1","2","1","2","1","1","1"
"1","3",24,"2","3",5152,"1","3","4","3","1","2","3",25,"1","2","1","3","1","1","1"
"1","3",24,"2","2",3749,"1","1","2","1","1","4","3",26,"2","2","1","3","1","1","1"
"1","3",9,"3","3",3074,"4","2","1","3","1","2","1",33,"2","2","2","3","2","1","1"
"0","3",9,"2","3",745,"1","2","3","1","1","2","1",28,"2","2","1","2","1","1","1"
"1","3",24,"2","4",1469,"2","4","4","4","1","4","1",41,"2","1","1","2","1","1","1"
"1","1",6,"2","2",1374,"1","2","1","3","1","2","1",36,"1","2","1","2","1","2","1"
"1","3",6,"1","4",783,"4","2","1","3","2","2","1",26,"1","2","1","2","2","1","1"
"1","1",21,"2","3",2606,"1","1","4","1","1","4","2",28,"2","1","1","4","1","2","1"
"1","3",54,"1","1",9436,"4","2","2","3","1","2","2",39,"2","2","1","2","2","1","1"
"1","3",12,"3","3",930,"4","4","4","3","1","4","1",65,"2","2","2","3","1","1","1"
"1","3",48,"3","1",2751,"4","4","4","3","1","3","3",38,"2","2","2","3","2","2","1"
"1","3",6,"3","4",250,"3","2","2","1","1","2","1",41,"1","2","2","2","1","1","1"
"1","2",24,"2","4",1201,"1","1","4","3","1","1","2",26,"2","2","1","3","1","1","1"
"1","1",6,"2","4",662,"1","1","3","3","1","4","1",41,"2","2","1","2","2","2","1"
"1","3",15,"2","1",1300,"4","4","4","3","1","4","4",45,"1","3","1","3","2","1","1"
"1","3",24,"1","4",1559,"1","3","4","3","1","4","3",40,"1","2","1","3","1","2","1"
"1","3",12,"2","3",3016,"1","2","3","4","1","1","3",24,"2","2","1","3","1","1","1"
"1","3",15,"3","3",1360,"1","2","4","3","1","2","2",31,"2","2","2","3","1","1","1"
"1","3",6,"1","4",1204,"2","2","4","3","1","1","4",35,"1","1","1","3","1","1","2"
"1","3",10,"2","4",1597,"3","2","3","3","1","2","4",40,"2","1","1","2","2","1","2"
"1","3",12,"2","3",2073,"2","2","4","1","2","2","1",28,"2","2","1","3","1","1","1"
"1","3",11,"2","4",2142,"3","4","1","1","1","2","1",28,"2","2","1","3","1","2","1"
"1","1",10,"3","2",2132,"4","1","2","1","2","3","1",27,"2","1","2","3","1","1","2"
"1","3",10,"2","4",1546,"1","2","3","3","1","2","1",31,"2","2","1","2","2","1","2"
"1","3",24,"3","4",1287,"3","4","4","1","1","4","1",37,"2","2","2","3","1","2","1"
"1","3",10,"2","4",1418,"2","2","3","3","1","2","1",35,"2","1","1","2","1","1","2"
"1","3",6,"3","4",1343,"1","4","1","3","1","4","1",46,"2","2","2","3","2","1","2"
"1","3",18,"2","4",2662,"4","3","4","3","1","3","2",32,"2","2","1","3","1","1","2"
"1","3",18,"3","3",6070,"1","4","3","3","1","4","3",33,"2","2","2","3","1","2","1"
"1","3",24,"3","3",1927,"4","2","3","1","1","2","3",33,"2","2","2","3","1","2","1"
"1","3",18,"3","3",2404,"1","2","2","1","1","2","3",26,"2","2","2","3","1","1","1"
"1","3",6,"3","3",1554,"1","3","1","1","1","2","3",24,"2","1","2","3","1","2","1"
"1","3",22,"2","4",1283,"4","3","4","1","1","4","2",25,"2","1","1","3","1","1","1"
"1","3",24,"3","4",717,"4","4","4","4","1","4","3",54,"2","2","2","3","1","2","1"
"1","1",24,"2","2",1747,"1","1","4","3","2","1","2",24,"2","2","1","2","1","1","2"
"1","1",9,"3","3",1288,"2","4","3","3","2","4","1",48,"2","2","2","3","2","1","2"
"1","1",10,"3","4",1038,"1","3","4","3","2","3","2",49,"2","2","2","3","1","2","1"
"1","3",10,"2","1",2848,"2","2","1","3","2","2","1",32,"2","2","1","3","2","1","1"
"1","3",12,"2","1",1413,"3","3","3","3","1","2","2",55,"2","2","1","3","1","1","2"
"1","3",30,"3","3",3077,"4","4","3","3","1","2","3",40,"2","2","2","3","2","2","1"
"1","1",24,"1","1",3632,"1","2","1","1","2","4","3",22,"1","1","1","3","1","1","2"
"1","3",18,"3","1",3229,"4","1","2","3","1","4","4",38,"2","2","1","4","1","2","1"
"1","3",9,"2","4",3577,"2","2","1","3","2","2","1",26,"2","1","1","3","2","1","2"
"1","3",12,"3","4",682,"2","3","4","1","1","3","3",51,"2","2","2","3","1","2","1"
"1","3",10,"2","3",1924,"1","2","1","3","1","4","2",38,"2","2","1","3","1","2","2"
"1","3",10,"2","3",727,"3","4","4","3","1","4","4",46,"2","3","1","3","1","2","1"
"1","3",10,"3","4",781,"1","4","4","3","1","4","4",63,"2","3","2","3","1","2","1"
"1","1",12,"3","4",2121,"1","2","4","3","1","2","2",30,"2","2","2","3","1","1","1"
"1","3",12,"3","3",701,"1","2","4","3","1","2","3",32,"2","2","2","3","1","1","1"
"1","3",10,"3","2",2069,"4","2","2","4","1","1","3",26,"2","2","2","3","1","1","2"
"1","3",24,"2","4",1525,"3","3","4","1","1","3","3",34,"2","2","1","3","2","2","1"
"1","3",48,"3","4",7629,"4","4","4","1","1","2","3",46,"1","2","2","4","2","1","1"
"0","1",12,"3","4",3499,"1","2","3","1","2","2","1",29,"2","2","2","3","1","1","1"
"1","3",6,"2","3",1346,"2","4","2","3","1","4","4",42,"1","3","1","3","2","2","1"
"1","3",36,"3","1",10477,"4","4","2","3","1","4","4",42,"2","3","2","3","1","1","1"
"1","1",24,"2","1",2924,"1","2","3","3","2","4","4",63,"1","2","1","3","2","2","1"
"1","3",10,"3","4",1231,"1","4","3","3","1","4","1",32,"2","2","2","2","2","1","2"
"1","3",18,"2","4",1961,"1","4","3","1","1","2","3",23,"2","2","1","4","1","1","1"
"1","3",15,"3","4",5045,"4","4","1","1","1","4","3",59,"2","2","1","3","1","2","1"
"1","3",12,"3","4",1255,"1","4","4","3","1","4","1",61,"2","2","2","2","1","1","1"
"1","1",12,"2","2",1858,"1","1","4","1","1","1","3",22,"2","1","1","3","1","1","1"
"1","3",6,"3","2",1221,"4","2","1","4","1","2","2",27,"2","2","2","3","1","1","1"
"1","3",9,"2","2",1388,"1","2","4","1","1","2","1",26,"2","1","1","3","1","1","1"
"1","3",12,"2","3",2279,"4","2","4","3","1","4","4",37,"2","3","1","3","1","2","1"
"1","3",12,"1","2",2759,"1","4","2","3","1","4","2",34,"2","2","2","3","1","1","1"
"1","3",24,"2","3",1258,"3","2","3","1","1","3","3",57,"2","2","1","2","1","1","1"
"1","2",12,"1","4",1410,"1","2","2","3","1","2","1",31,"2","2","1","2","1","2","1"
"1","1",15,"2","4",1403,"1","2","2","1","1","4","3",28,"2","1","1","3","1","1","1"
"1","1",24,"2","2",3021,"1","2","2","1","1","2","1",24,"2","1","1","2","1","1","1"
"1","1",24,"2","4",6568,"1","2","2","4","1","2","3",21,"1","2","1","2","1","1","1"
"1","3",24,"3","3",2578,"3","4","2","3","1","2","3",34,"2","2","1","3","1","1","1"
"1","2",24,"3","1",7758,"3","4","2","1","1","4","4",29,"2","1","1","3","1","1","1"
"1","1",6,"2","3",343,"1","1","4","1","1","1","1",27,"2","2","1","3","1","1","1"
"1","3",21,"3","2",1591,"2","3","4","3","1","3","1",34,"2","2","2","4","1","1","1"
"1","1",27,"2","3",3416,"1","2","3","3","1","2","3",27,"2","2","1","4","1","1","1"
"0","1",12,"1","3",1108,"1","3","4","3","1","3","1",28,"2","2","2","3","1","1","1"
"1","2",27,"3","1",5965,"1","4","1","3","1","2","3",30,"2","2","2","4","1","2","1"
"1","2",15,"2","3",1514,"2","2","4","3","2","2","1",22,"2","2","1","3","1","1","1"
"1","3",30,"3","3",6742,"4","3","2","3","1","3","2",36,"2","2","2","3","1","1","1"
"1","1",18,"2","2",3650,"1","1","1","1","1","4","3",22,"2","1","1","3","1","1","1"
"1","1",21,"2","2",3599,"1","3","1","1","1","4","3",26,"2","1","1","2","1","1","1"
"1","3",60,"3","4",13756,"4","4","2","3","1","4","4",63,"1","3","1","4","1","2","1"
"1","2",9,"2","4",276,"1","2","4","4","1","4","1",22,"2","1","1","2","1","1","1"
"1","3",42,"3","2",4041,"3","2","4","3","1","4","1",36,"2","2","2","3","1","2","1"
"1","2",9,"2","3",458,"1","2","4","3","1","3","1",24,"2","2","1","3","1","1","1"
"0","2",9,"2","2",918,"1","2","4","1","1","1","2",30,"2","2","1","3","1","1","1"
"1","3",24,"2","4",7393,"1","2","1","3","1","4","2",43,"2","2","1","2","2","1","1"
"1","3",10,"2","3",1225,"1","2","2","3","1","2","3",37,"2","2","1","3","1","2","1"
"1","1",24,"2","1",2812,"4","4","2","1","1","4","1",26,"2","1","1","3","1","1","1"
"1","3",15,"2","1",3029,"1","3","2","3","1","2","3",33,"2","2","1","3","1","1","1"
"1","3",12,"3","4",1480,"3","1","2","3","1","4","4",66,"1","3","2","1","1","1","1"
"1","3",6,"3","3",1047,"1","2","2","1","1","4","2",50,"2","2","1","2","1","1","1"
"1","3",15,"3","3",1471,"1","2","4","3","1","4","4",35,"2","3","2","3","1","2","1"
"1","3",24,"2","2",5511,"2","2","4","3","1","1","3",25,"1","2","1","3","1","1","1"
"1","2",9,"2","3",1206,"1","4","4","1","1","4","1",25,"2","2","1","3","1","1","1"
"1","2",24,"3","3",6403,"1","1","1","3","1","2","3",33,"2","2","1","3","1","1","1"
"1","3",12,"2","3",707,"1","2","4","3","1","2","1",30,"1","2","2","3","1","1","1"
"1","3",12,"3","1",1503,"1","2","4","4","1","4","1",41,"2","1","1","3","1","1","1"
"1","2",12,"2","4",6078,"1","3","2","3","1","2","3",32,"2","2","1","3","1","1","1"
"1","2",27,"2","4",2528,"1","1","4","1","1","1","2",32,"2","2","1","3","2","2","1"
"1","2",12,"2","4",1037,"2","3","3","3","1","4","1",39,"2","2","1","2","1","1","1"
"1","1",6,"2","1",1352,"3","1","1","1","1","2","2",23,"2","1","1","1","1","2","1"
"1","3",24,"2","3",3181,"1","1","4","1","1","4","2",26,"2","2","1","3","1","2","1"
"1","3",18,"2","3",4594,"1","1","3","3","1","2","3",32,"2","2","1","3","1","2","1"
"1","2",48,"2","4",5381,"4","1","3","3","1","4","4",40,"1","3","1","1","1","2","1"
"1","3",15,"2","1",4657,"1","2","3","3","1","2","3",30,"2","2","1","3","1","2","1"
"1","2",9,"2","4",1391,"1","2","2","4","1","1","1",27,"1","2","1","3","1","2","1"
"1","2",18,"2","4",1913,"3","1","3","4","1","3","1",36,"1","2","1","3","1","2","1"
"1","3",42,"2","3",7166,"4","3","2","4","1","4","2",29,"2","1","1","3","1","2","1"
"1","3",13,"2","3",1409,"2","1","2","1","1","4","1",64,"2","2","1","3","1","1","1"
"1","3",24,"3","4",2978,"4","2","4","3","1","4","1",32,"2","2","2","3","2","2","1"
"1","3",12,"3","3",976,"4","4","4","3","1","4","3",35,"2","2","2","3","1","1","1"
"1","3",24,"3","4",2375,"3","2","4","3","1","2","3",44,"2","2","2","3","2","2","1"
"1","3",12,"3","3",522,"3","4","4","3","1","4","2",42,"2","2","2","3","2","2","1"
"1","3",28,"3","3",2743,"1","4","4","3","1","2","3",29,"2","2","2","3","1","1","1"
"1","3",11,"3","3",1154,"2","1","4","1","1","4","1",57,"2","2","2","2","1","1","1"
"1","3",24,"3","1",5804,"3","2","4","3","1","2","1",27,"2","2","2","3","1","1","1"
"1","3",18,"3","3",1169,"4","2","4","3","1","3","2",29,"2","2","2","3","1","2","1"
"1","1",15,"3","2",1478,"1","4","4","3","1","4","3",44,"2","2","2","3","2","2","1"
"1","3",12,"2","3",776,"1","2","4","4","1","2","1",28,"2","2","1","3","1","1","1"
"1","2",11,"3","4",1322,"3","2","4","1","1","4","3",40,"2","2","2","3","1","1","1"
"1","2",16,"3","4",1175,"1","1","2","3","1","3","3",68,"2","3","2","1","1","2","1"
"1","3",12,"2","4",2133,"4","4","4","1","1","4","4",52,"2","3","1","4","1","2","1"
"1","3",15,"3","3",1829,"1","4","4","3","1","4","3",46,"2","2","2","3","1","2","1"
"1","3",12,"3","3",717,"1","4","4","3","1","4","1",52,"2","2","2","3","1","1","1"
"1","2",39,"3","3",11760,"2","3","2","3","1","3","4",32,"2","1","1","3","1","2","1"
"0","2",9,"3","3",1501,"1","4","2","1","1","3","3",34,"2","2","2","4","1","2","1"
"1","1",12,"2","3",1200,"4","2","4","1","1","4","2",23,"1","1","1","3","1","2","1"
"1","2",9,"2","4",3195,"4","2","1","1","1","2","1",33,"2","2","1","2","1","1","1"
"1","3",30,"3","3",4530,"1","3","4","1","1","4","3",26,"2","1","1","4","1","2","1"
"0","3",12,"3","3",1555,"3","4","4","3","1","4","4",55,"2","3","2","3","2","1","1"
"1","2",15,"3","4",2326,"3","2","2","3","1","4","3",27,"1","2","1","3","1","1","1"
"1","2",18,"3","4",1887,"4","2","4","4","1","4","1",28,"1","2","2","3","1","1","1"
"1","3",12,"3","4",1264,"4","4","4","3","1","4","4",57,"2","1","1","2","1","1","1"
"1","3",7,"3","3",846,"4","4","3","3","1","4","4",36,"2","3","1","3","1","1","1"
"1","3",15,"3","3",1532,"2","2","4","1","1","3","3",31,"2","2","1","3","1","1","1"
"1","3",6,"3","3",935,"1","2","3","1","1","2","1",24,"2","2","1","3","1","1","1"
"1","1",27,"3","4",2442,"1","4","4","3","1","4","3",43,"1","2","2","4","2","2","1"
"1","2",18,"3","4",3590,"1","1","3","4","1","3","3",40,"2","2","2","1","2","2","1"
"1","3",21,"3","2",2288,"1","1","4","1","1","4","2",23,"2","2","1","3","1","2","1"
"1","3",27,"3","4",5117,"1","3","3","3","1","4","3",26,"2","2","2","3","1","1","1"
"1","1",39,"3","2",14179,"4","3","4","3","1","4","2",30,"2","2","2","4","1","2","1"
"1","3",15,"2","3",1386,"4","2","4","4","1","2","1",40,"2","1","1","3","1","2","1"
"1","3",12,"3","3",618,"1","4","4","3","1","4","1",56,"2","2","1","3","1","1","1"
"1","3",12,"2","2",1574,"1","2","4","3","1","2","1",50,"2","2","1","3","1","1","1"
"1","3",6,"3","3",700,"4","4","4","3","1","4","4",36,"2","3","2","3","1","1","1"
"1","3",12,"2","3",886,"4","2","4","1","1","2","3",21,"2","2","1","3","1","1","1"
"1","3",36,"2","1",4686,"1","2","2","3","1","2","4",32,"2","3","1","4","1","2","1"
"1","2",9,"2","3",790,"3","2","4","1","1","3","1",66,"2","2","1","2","1","1","1"
"0","2",12,"2","3",766,"3","2","4","3","1","3","1",66,"2","2","1","2","1","1","1"
"1","1",20,"2","2",2212,"4","3","4","3","1","4","3",39,"2","2","1","3","1","2","1"
"1","2",10,"2","4",7308,"1","1","2","3","1","4","4",70,"1","3","1","4","1","2","1"
"1","2",24,"3","3",5743,"1","1","2","1","1","4","4",24,"2","3","2","3","1","2","1"
"1","1",14,"2","4",3973,"1","1","1","3","1","4","4",22,"2","3","1","3","1","1","1"
"1","2",60,"3","3",7418,"4","2","1","3","1","1","1",27,"2","2","1","2","1","1","1"
"1","2",20,"3","4",2629,"1","2","2","3","1","3","3",29,"1","2","2","3","1","2","1"
"1","2",18,"2","4",1941,"3","2","4","3","1","2","2",35,"2","2","1","2","1","2","1"
"1","2",24,"3","2",2333,"4","1","4","3","1","2","2",29,"1","2","1","2","1","1","1"
"1","3",12,"2","1",2445,"4","1","2","4","1","4","3",26,"2","1","1","3","1","2","1"
"1","2",20,"2","1",6468,"4","1","1","1","1","4","1",60,"2","2","1","4","1","2","1"
"1","2",18,"3","2",7374,"1","1","4","3","1","4","2",40,"1","2","2","4","1","2","1"
"1","3",15,"2","1",3812,"2","1","1","1","1","4","3",23,"2","2","1","3","1","2","1"
"0","1",28,"2","4",4006,"1","2","3","3","1","2","3",45,"2","2","1","2","1","1","1"
"1","2",12,"2","4",7472,"4","1","1","1","1","2","1",24,"2","1","1","1","1","1","1"
"1","3",12,"2","2",1424,"4","4","3","1","1","4","1",55,"2","2","1","4","1","2","1"
"1","2",12,"2","1",2028,"4","2","4","3","1","2","3",30,"2","2","1","3","1","1","1"
"1","3",15,"2","4",5324,"3","4","1","1","1","4","4",35,"2","3","1","3","1","1","1"
"1","2",36,"2","3",2323,"1","3","4","3","1","4","3",24,"2","1","1","3","1","1","1"
"1","3",12,"2","3",1393,"1","4","4","3","1","4","2",47,"1","2","2","3","2","2","1"
"1","3",18,"2","2",1984,"1","2","4","3","1","4","4",47,"1","3","2","3","1","1","1"
"1","3",24,"2","3",999,"4","4","4","3","1","2","3",25,"2","2","2","3","1","1","1"
"1","3",36,"2","4",7409,"4","4","3","3","1","2","2",37,"2","2","2","3","1","1","1"
"1","3",15,"2","2",2186,"4","3","1","1","1","4","1",33,"1","1","1","2","1","1","1"
"1","3",36,"2","3",4473,"1","4","4","3","1","2","3",31,"2","2","1","3","1","1","1"
"1","3",24,"2","4",937,"1","1","4","4","1","3","3",27,"2","2","2","2","1","1","1"
"1","3",18,"2","2",3422,"1","4","4","3","1","4","2",47,"1","2","2","3","2","2","1"
"1","3",24,"2","3",3105,"4","1","4","3","1","2","3",25,"2","2","2","3","1","1","1"
"1","3",12,"3","3",2748,"1","4","2","1","1","4","4",57,"1","3","2","2","1","1","1"
"1","2",18,"2","3",3872,"1","1","2","1","1","4","3",67,"2","2","1","3","1","2","1"
"1","3",27,"2","3",5190,"4","4","4","3","1","4","2",48,"2","2","2","3","2","2","1"
"1","2",18,"2","2",3001,"1","3","2","1","1","4","1",40,"2","1","1","3","1","1","1"
"1","3",24,"3","4",3863,"1","2","1","3","1","2","4",32,"2","3","1","3","1","1","1"
"1","3",12,"3","2",5801,"4","4","2","3","1","4","2",49,"2","1","1","3","1","2","2"
"1","3",12,"3","2",1592,"3","3","3","1","1","2","2",35,"2","2","1","3","1","1","1"
"1","3",12,"3","4",1185,"1","2","3","1","1","2","1",27,"2","2","2","3","1","1","1"
"1","3",18,"3","2",3780,"1","1","3","1","1","2","3",35,"2","2","2","4","1","2","1"
"1","2",18,"3","2",3612,"1","4","3","1","1","4","2",37,"2","2","1","3","1","2","2"
"1","3",12,"2","4",1076,"1","2","2","4","1","2","1",26,"2","2","1","3","1","2","1"
"1","3",12,"2","4",3527,"4","1","2","3","1","3","2",45,"2","2","1","4","2","2","1"
"1","3",18,"2","3",2051,"1","1","4","3","1","1","1",33,"2","2","1","3","1","1","1"
"1","3",12,"3","2",3331,"1","4","2","3","1","4","2",42,"1","2","1","3","1","1","1"
"1","1",18,"1","4",3104,"1","3","3","3","1","1","2",31,"1","2","1","3","1","2","1"
"1","3",24,"3","3",2611,"1","4","4","4","2","3","1",46,"2","2","2","3","1","1","1"
"1","1",12,"3","1",1409,"1","4","4","3","1","3","1",54,"2","2","1","3","1","1","1"
"1","3",24,"2","3",1311,"2","3","4","4","1","3","2",26,"2","2","1","3","1","2","1"
"1","3",6,"2","3",2108,"1","3","2","4","1","2","1",29,"2","1","1","3","1","1","1"
"1","3",24,"3","1",4042,"4","3","3","3","1","4","2",43,"2","2","2","3","1","2","1"
"1","3",12,"3","4",926,"1","1","1","1","1","2","2",38,"2","2","1","1","1","1","1"
"1","1",12,"2","3",1680,"3","4","3","4","1","1","1",35,"2","2","1","3","1","1","1"
"1","3",24,"2","4",1249,"1","1","4","4","1","2","1",28,"2","2","1","3","1","1","1"
"1","3",24,"3","4",2463,"2","3","4","4","1","3","2",27,"2","2","2","3","1","2","1"
"1","3",6,"2","3",1595,"1","3","3","3","1","2","2",51,"2","2","1","3","2","1","1"
"1","3",24,"3","3",2058,"1","2","4","1","1","2","1",33,"2","2","2","3","1","2","1"
"1","3",24,"2","1",7814,"1","3","3","3","1","3","3",38,"2","2","1","4","1","2","1"
"1","3",6,"3","3",1740,"1","4","2","4","1","2","1",30,"2","1","2","3","1","1","1"
"1","3",12,"3","3",1240,"4","4","4","1","1","2","1",38,"2","2","2","3","1","2","1"
"1","3",24,"3","1",6842,"4","2","2","3","1","4","2",46,"2","2","2","4","2","2","1"
"1","3",24,"3","2",5150,"1","4","4","3","1","4","3",33,"2","2","1","3","1","2","1"
"1","1",6,"2","4",1203,"2","4","3","3","1","2","2",43,"2","2","1","3","1","2","1"
"1","3",6,"3","4",2080,"3","2","1","4","1","2","3",24,"2","2","1","3","1","1","1"
"1","3",6,"2","3",1538,"1","1","1","1","1","2","4",56,"2","2","1","3","1","1","1"
"1","2",24,"3","4",3878,"2","1","4","1","1","2","3",37,"2","2","1","3","1","2","1"
"1","2",30,"2","2",3832,"1","1","2","4","1","1","2",22,"2","2","1","3","1","1","1"
"1","3",15,"2","4",3186,"3","3","2","1","1","3","3",20,"2","1","1","3","1","1","1"
"1","2",24,"2","3",2896,"2","1","2","3","1","1","3",29,"2","2","1","3","1","1","1"
"1","2",24,"3","4",6967,"2","3","4","3","1","4","3",36,"2","1","1","4","1","2","1"
"0","3",36,"2","3",1819,"1","2","4","3","1","4","4",37,"1","3","1","3","1","2","1"
"0","3",24,"2","3",5943,"4","1","1","1","1","1","3",44,"2","2","2","3","1","2","1"
"0","3",36,"3","2",7127,"1","1","2","1","1","4","2",23,"2","1","2","3","1","2","1"
"0","3",36,"2","2",3349,"1","2","4","1","1","2","3",28,"2","2","1","4","1","2","1"
"0","3",36,"2","2",10974,"1","1","4","1","1","2","3",26,"2","2","2","4","1","2","1"
"1","3",6,"2","3",518,"1","2","3","1","1","1","1",29,"2","2","1","3","1","1","1"
"1","3",18,"2","3",1126,"4","1","4","1","1","2","1",21,"2","1","1","3","1","2","1"
"1","2",12,"3","1",1860,"1","1","4","3","1","2","3",34,"2","2","2","4","1","2","1"
"1","3",36,"3","3",9566,"1","2","2","1","1","2","3",31,"1","2","2","3","1","1","1"
"1","1",12,"2","3",701,"1","2","4","4","1","2","1",40,"2","2","1","2","1","1","1"
"1","2",12,"2","3",2930,"1","3","2","1","1","1","1",27,"2","2","1","3","1","1","1"
"1","3",18,"2","3",1505,"1","2","4","3","1","2","4",32,"2","3","1","4","1","2","1"
"1","3",18,"3","3",2238,"1","2","2","1","1","1","3",25,"2","2","2","3","1","1","1"
"1","3",4,"3","3",1503,"1","3","2","3","1","1","1",42,"2","2","2","2","2","1","1"
"1","3",24,"3","1",2197,"4","3","4","3","1","4","3",43,"2","2","2","3","2","2","1"
"1","3",12,"2","3",1881,"1","2","2","1","1","2","3",44,"2","1","1","2","1","2","1"
"1","1",18,"3","3",1880,"1","3","4","4","1","1","2",32,"2","2","2","4","1","2","1"
"1","1",18,"2","3",2389,"1","1","4","1","1","1","3",27,"1","2","1","3","1","1","1"
"1","2",24,"2","3",1967,"1","4","4","1","1","4","3",20,"2","2","1","3","1","2","1"
"1","3",4,"3","4",3380,"1","3","1","1","1","1","1",37,"2","2","1","3","2","1","1"
"1","3",4,"3","4",1455,"1","3","2","3","1","1","1",42,"2","2","2","2","2","1","1"
"1","3",7,"3","3",730,"4","4","4","3","1","2","2",46,"2","1","2","2","1","2","1"
"1","2",18,"1","2",3244,"1","2","1","1","1","4","3",33,"1","2","2","3","1","2","1"
"0","2",9,"2","3",1670,"1","1","4","1","1","2","3",22,"2","2","1","3","1","2","1"
"1","2",48,"2","3",3979,"4","3","4","3","1","1","3",41,"2","2","2","3","2","2","1"
"0","2",12,"2","2",1922,"1","2","4","3","1","2","2",37,"2","2","1","2","1","1","1"
"1","2",18,"3","2",1295,"1","1","4","1","1","1","2",27,"2","2","2","3","1","1","1"
"1","3",4,"3","3",1544,"1","3","2","3","1","1","1",42,"2","2","2","2","2","1","1"
"1","2",8,"2","4",907,"1","1","3","4","1","2","1",26,"2","2","1","3","1","2","1"
"1","2",30,"2","3",1715,"4","2","4","1","1","1","3",26,"2","2","1","3","1","1","1"
"1","3",10,"3","3",1347,"4","3","4","3","1","2","2",27,"2","2","2","3","1","2","1"
"1","2",12,"2","4",1007,"3","2","4","4","1","1","1",22,"2","2","1","3","1","1","1"
"1","3",12,"3","2",1402,"3","3","3","1","1","4","3",37,"2","1","1","3","1","2","1"
"1","2",12,"2","4",2002,"1","3","3","3","1","4","2",30,"2","1","1","3","2","2","1"
"1","3",12,"3","3",2096,"1","3","2","3","1","3","1",49,"2","2","1","2","2","1","1"
"1","3",12,"2","4",1101,"1","2","3","4","1","2","1",27,"2","2","2","3","1","2","1"
"1","3",10,"2","4",894,"4","3","4","1","1","3","2",40,"2","2","1","3","1","2","1"
"1","2",11,"2","2",1577,"3","1","4","1","1","1","1",20,"2","2","1","3","1","1","1"
"1","3",33,"3","4",2764,"1","2","2","1","1","2","3",26,"2","2","2","3","1","2","1"
"1","2",48,"1","4",8358,"3","1","1","1","1","1","3",30,"2","2","2","3","1","1","1"
"1","3",12,"2","2",1474,"1","1","4","1","1","1","2",33,"1","2","1","4","1","2","1"
"1","3",24,"2","1",5433,"4","1","2","1","1","4","2",26,"2","1","1","4","1","2","1"
"1","2",14,"2","4",1410,"3","4","1","4","1","2","1",35,"2","2","1","3","1","2","1"
"1","3",20,"3","4",3485,"4","1","2","1","1","4","1",44,"2","2","2","3","1","2","1"
"1","3",18,"3","1",3850,"1","3","3","3","1","1","3",27,"2","2","2","3","1","1","1"
"0","2",60,"2","4",7408,"2","1","4","1","1","2","2",24,"2","2","1","4","1","1","1"
"1","3",24,"2","3",1377,"2","4","4","1","1","2","4",47,"2","3","1","3","1","2","1"
"1","3",30,"3","4",4272,"2","2","2","3","1","2","2",26,"2","2","2","2","1","1","1"
"1","2",24,"3","3",1553,"2","3","3","1","1","2","2",23,"2","1","2","3","1","2","1"
"1","2",36,"3","4",9857,"2","3","1","3","1","3","2",31,"2","2","2","2","2","2","1"
"1","3",6,"3","4",362,"2","2","4","1","1","4","3",52,"2","2","2","2","1","1","1"
"1","3",12,"3","2",1935,"1","4","4","3","1","4","1",43,"2","2","2","3","1","2","1"
"1","3",48,"2","3",10222,"4","3","4","3","1","3","3",37,"1","2","1","3","1","2","1"
"1","3",12,"2","4",1330,"1","1","4","3","1","1","1",26,"2","2","1","3","1","1","1"
"1","3",36,"2","3",9055,"4","2","2","3","1","4","4",35,"2","3","1","2","2","2","1"
"1","2",26,"2","1",7966,"1","1","2","3","1","3","3",30,"2","2","2","3","1","1","1"
"1","2",30,"1","2",3496,"3","2","4","3","1","2","3",34,"1","2","1","3","2","2","1"
"1","2",36,"2","1",6948,"1","2","2","3","1","2","3",35,"2","1","1","4","1","2","1"
"1","2",48,"1","4",12204,"4","2","2","3","1","2","3",48,"1","2","1","4","1","2","1"
"0","1",36,"2","2",3446,"1","4","4","3","1","2","3",42,"2","2","1","3","2","1","1"
"0","1",12,"2","3",684,"1","2","4","3","1","4","3",40,"2","1","1","2","2","1","1"
"0","1",33,"3","2",4281,"3","2","1","1","1","4","3",23,"2","2","2","3","1","1","1"
"0","1",42,"2","3",7174,"4","3","4","1","1","3","3",30,"2","2","1","4","1","2","1"
"0","1",24,"1","3",1546,"1","3","4","3","2","4","3",24,"1","1","1","2","1","1","1"
"0","1",24,"2","2",2359,"2","1","1","1","1","1","2",33,"2","2","1","3","1","1","1"
"0","3",24,"2","3",3621,"2","4","2","3","1","4","3",31,"2","2","2","3","1","1","1"
"0","1",12,"2","3",741,"2","1","4","1","1","3","2",22,"2","2","1","3","1","1","1"
"0","1",12,"2","2",7865,"1","4","4","3","1","4","4",53,"2","3","1","4","1","2","1"
"1","1",24,"2","1",2910,"1","3","2","3","1","1","4",34,"2","3","1","4","1","2","1"
"1","1",18,"3","4",5302,"1","4","2","3","1","4","4",36,"2","3","2","4","1","2","1"
"1","1",36,"2","2",3620,"1","2","1","3","2","2","2",37,"2","2","1","3","2","1","1"
"1","1",18,"2","3",3509,"1","3","4","1","2","1","1",25,"2","2","1","3","1","1","1"
"1","2",12,"2","2",3017,"1","1","3","1","1","1","1",34,"2","1","1","4","1","1","1"
"1","1",12,"2","2",1657,"1","2","2","3","1","2","1",27,"2","2","1","3","1","1","1"
"1","1",8,"3","4",1164,"1","4","3","3","1","4","4",51,"1","3","2","4","2","2","1"
"0","1",36,"3","2",6229,"1","1","4","1","2","4","4",23,"2","1","2","2","1","2","1"
"0","1",24,"1","4",1193,"1","1","1","1","2","4","4",29,"2","1","2","1","1","1","1"
"1","1",30,"1","2",4583,"1","2","2","1","2","2","1",32,"2","2","2","3","1","1","1"
"1","1",36,"3","2",5371,"1","2","3","3","2","2","2",28,"2","2","2","3","1","1","1"
"1","1",12,"2","2",708,"1","2","2","3","2","3","2",38,"2","2","1","2","2","1","1"
"1","1",21,"3","4",571,"1","4","4","3","1","4","1",65,"2","2","2","3","1","1","1"
"1","1",30,"2","3",2522,"1","4","1","3","2","3","2",39,"2","2","1","3","2","1","1"
"0","1",36,"2","2",5179,"1","3","4","3","1","2","2",29,"2","2","1","3","1","1","1"
"0","1",36,"2","1",8229,"1","2","2","3","1","2","2",26,"2","2","1","3","2","1","1"
"1","3",24,"3","2",2028,"1","3","2","3","1","2","2",30,"2","2","2","2","1","1","1"
"1","1",6,"2","4",1374,"4","1","4","1","1","3","2",75,"2","2","1","4","1","2","1"
"1","1",12,"2","2",1289,"1","2","4","3","2","1","2",21,"2","2","1","2","1","1","1"
"0","1",36,"2","2",2712,"1","4","2","3","1","2","2",41,"1","2","1","3","2","1","1"
"1","1",15,"3","2",975,"1","2","2","1","1","3","2",25,"2","2","2","3","1","1","1"
"1","2",6,"3","2",1050,"1","1","4","3","1","1","2",35,"1","2","2","4","1","2","2"
"1","1",6,"3","4",609,"1","3","4","1","1","3","2",37,"2","2","2","3","1","1","1"
"1","1",48,"2","1",4788,"1","3","4","3","1","3","2",26,"2","2","1","3","2","1","1"
"1","2",24,"2","2",3069,"2","4","4","3","1","4","4",30,"2","3","1","3","1","1","1"
"0","2",12,"2","4",836,"2","1","4","1","1","2","2",23,"1","2","1","2","1","1","1"
"1","1",12,"2","2",2577,"1","2","2","1","1","1","3",42,"2","2","1","3","1","1","1"
"1","1",12,"2","2",1620,"1","2","2","1","2","3","2",30,"2","2","1","3","1","1","1"
"1","1",15,"2","2",1845,"1","1","4","1","2","1","2",46,"2","1","1","3","1","1","1"
"1","1",24,"2","1",6579,"1","1","4","3","1","2","4",29,"2","3","1","4","1","2","1"
"1","1",12,"2","4",1893,"1","2","4","1","2","4","2",29,"2","2","1","3","1","2","1"
"1","1",30,"3","1",10623,"1","4","3","3","1","4","4",38,"2","3","2","4","2","2","1"
"1","1",18,"2","4",2249,"2","3","4","3","1","3","3",30,"2","2","1","4","2","2","1"
"0","1",30,"2","2",3108,"1","1","2","1","1","4","2",31,"2","2","1","2","1","1","1"
"1","2",12,"3","4",958,"1","3","2","3","1","3","1",47,"2","2","2","2","2","1","1"
"1","3",24,"2","1",9277,"4","2","2","1","1","4","4",48,"2","3","1","3","1","2","1"
"1","3",24,"3","4",6314,"1","1","4","3","2","2","4",27,"1","2","2","4","1","2","1"
"1","1",12,"3","1",1526,"1","4","4","3","1","4","4",66,"2","3","2","4","1","1","1"
"1","1",12,"2","2",3590,"1","2","2","3","2","2","2",29,"2","2","1","2","2","1","1"
"1","1",24,"3","1",6615,"1","1","2","3","1","4","4",75,"2","3","2","4","1","2","1"
"1","1",6,"3","2",1872,"1","1","4","3","1","4","4",36,"2","3","2","4","1","2","1"
"1","3",12,"2","4",2859,"4","1","4","3","1","4","4",38,"2","2","1","4","1","2","1"
"1","3",18,"3","3",1582,"3","4","4","3","1","4","3",46,"2","2","2","3","1","1","1"
"1","3",6,"2","4",1238,"4","1","4","3","1","4","2",36,"2","2","1","4","2","2","1"
"1","1",12,"2","2",2578,"1","1","3","1","1","4","4",55,"2","3","1","4","1","1","1"
"1","1",15,"3","2",1433,"1","2","4","1","1","3","2",25,"2","1","2","3","1","1","1"
"1","1",42,"2","2",7882,"1","3","2","3","2","4","2",45,"2","3","1","3","2","1","1"
"1","1",24,"2","2",4169,"1","2","4","3","1","4","2",28,"2","2","1","3","1","1","1"
"1","1",36,"2","2",3959,"1","1","4","3","1","3","2",30,"2","2","1","4","1","2","1"
"1","1",36,"2","4",3249,"1","3","2","3","1","4","4",39,"1","3","1","4","2","2","1"
"1","1",24,"2","2",3149,"1","1","4","3","1","1","4",22,"1","3","1","3","1","1","1"
"0","1",12,"3","2",2246,"1","4","3","3","1","3","2",60,"2","2","2","3","1","1","1"
"1","1",13,"3","4",1797,"1","1","3","3","1","1","2",28,"1","2","2","2","1","1","1"
"1","1",20,"3","2",4272,"1","4","1","1","1","4","2",24,"2","2","2","3","1","1","1"
"1","1",24,"3","1",2957,"1","4","4","3","1","4","2",63,"2","2","2","3","1","2","1"
"1","1",36,"3","2",2348,"1","2","3","4","1","2","2",46,"2","2","2","3","1","2","1"
"1","3",42,"1","4",6289,"1","1","2","1","1","1","2",33,"2","2","2","3","1","1","1"
"1","1",24,"3","1",6419,"1","4","2","1","1","4","4",44,"2","3","2","4","2","2","1"
"0","1",48,"3","1",6143,"1","4","4","1","1","4","4",58,"1","3","2","2","1","1","1"
"1","3",24,"3","3",1597,"1","4","4","3","1","4","4",54,"2","3","2","3","2","1","1"
"1","1",36,"2","4",15857,"1","1","2","1","2","3","3",43,"2","2","1","4","1","1","1"
"1","3",24,"3","3",2223,"2","4","4","3","1","4","2",52,"1","2","2","3","1","1","1"
"1","3",48,"3","3",7238,"4","4","3","3","1","3","3",32,"1","2","2","3","2","1","1"
"1","2",30,"3","4",2503,"2","4","4","3","1","2","2",41,"1","2","2","3","1","1","1"
"1","2",18,"2","4",2622,"2","2","4","3","1","4","3",34,"2","2","1","3","1","1","1"
"1","2",24,"2","2",4351,"4","2","1","1","1","4","2",48,"2","2","1","2","1","2","1"
"1","2",6,"2","3",368,"4","4","4","3","1","4","2",38,"2","2","1","3","1","1","1"
"1","2",12,"2","4",754,"4","4","4","3","1","4","2",38,"2","2","2","3","1","1","1"
"1","3",24,"3","3",2424,"4","4","4","3","1","4","2",53,"2","2","2","3","1","1","1"
"1","2",48,"3","4",6681,"4","2","4","3","1","4","4",38,"2","3","1","3","2","2","1"
"1","2",18,"3","4",2427,"4","4","4","3","1","2","2",42,"2","2","2","3","1","1","1"
"0","2",24,"3","3",1216,"2","1","4","3","1","4","4",38,"1","2","2","3","2","1","1"
"1","2",6,"2","3",753,"1","2","2","1","2","3","1",64,"2","2","1","3","1","1","1"
"1","2",7,"2","3",2576,"1","2","2","3","2","2","1",35,"2","2","1","3","1","1","2"
"1","2",6,"2","3",590,"1","1","3","4","1","3","1",26,"2","2","1","2","1","1","2"
"1","2",8,"2","3",1414,"1","2","4","3","2","2","1",33,"2","2","1","3","1","1","2"
"1","2",12,"2","3",1103,"1","3","4","3","2","3","1",29,"2","2","2","3","1","1","1"
"1","2",12,"3","3",585,"1","2","4","4","2","4","1",20,"2","1","2","3","1","1","1"
"1","2",6,"2","3",1068,"1","4","4","3","1","4","3",28,"2","2","1","3","2","1","1"
"1","1",8,"3","4",713,"1","4","4","3","1","4","1",47,"2","2","2","2","1","1","1"
"1","2",12,"2","3",1092,"1","2","4","1","2","4","1",49,"2","2","2","3","1","2","1"
"1","2",7,"2","3",2329,"1","1","1","1","2","1","1",45,"2","2","1","3","1","1","1"
"1","2",13,"3","3",882,"1","1","4","3","2","4","1",23,"2","2","2","3","1","1","1"
"1","2",18,"2","3",866,"1","2","4","4","2","2","1",25,"2","2","1","2","1","1","1"
"1","2",7,"2","3",2415,"1","2","3","3","2","2","1",34,"2","2","1","3","1","1","1"
"1","2",13,"2","3",2101,"1","1","2","1","2","4","2",23,"2","2","1","2","1","1","1"
"1","2",18,"2","3",1301,"1","4","4","4","2","2","1",32,"2","2","1","2","1","1","1"
"1","2",18,"2","3",1113,"1","2","4","1","2","4","1",26,"2","2","1","2","2","1","1"
"1","2",8,"2","3",760,"1","3","4","1","2","2","1",44,"2","2","1","2","1","1","1"
"1","2",12,"2","3",625,"1","1","4","4","2","1","1",26,"1","2","1","2","1","1","1"
"1","3",6,"3","4",1323,"2","4","2","1","1","4","3",28,"2","2","2","3","2","2","1"
"1","1",9,"3","3",1138,"1","2","4","3","1","4","1",25,"2","2","2","2","1","1","1"
"1","2",18,"3","3",1795,"1","4","3","1","2","4","1",48,"1","1","2","2","1","2","1"
"1","2",15,"3","3",2728,"4","3","4","3","2","2","1",35,"1","2","2","3","1","2","1"
"1","2",6,"2","3",484,"1","3","3","4","2","3","1",28,"1","2","1","2","1","1","1"
"1","2",10,"1","3",1048,"1","2","4","3","1","4","1",23,"1","2","1","2","1","1","1"
"1","2",12,"2","3",1155,"1","4","3","4","2","3","1",40,"1","2","2","2","1","1","1"
"1","2",20,"3","1",7057,"4","3","3","3","1","4","2",36,"1","1","2","4","2","2","1"
"1","2",15,"3","3",1537,"4","4","4","3","2","4","1",50,"2","2","2","3","1","2","1"
"1","1",12,"2","3",2214,"1","2","4","3","1","3","2",24,"2","2","1","2","1","1","1"
"1","3",24,"3","2",1585,"1","3","4","3","1","3","2",40,"2","2","2","3","1","1","1"
"1","2",10,"2","2",1521,"1","2","4","1","1","2","3",31,"2","2","1","2","1","1","1"
"1","2",36,"1","3",3990,"4","1","3","1","1","2","4",29,"1","2","1","1","1","1","1"
"1","3",18,"2","2",3049,"1","1","1","1","1","1","2",45,"1","2","1","2","1","1","1"
"0","1",24,"2","3",1282,"2","2","4","1","1","2","3",32,"2","2","1","2","1","1","1"
"1","3",60,"2","3",10144,"2","3","2","1","1","4","1",21,"2","2","1","3","1","2","1"
"1","1",12,"2","4",1168,"1","2","4","4","1","3","1",27,"2","2","1","2","1","1","1"
"1","2",6,"2","3",454,"1","1","3","4","1","1","2",22,"2","2","1","2","1","1","1"
"1","3",15,"3","1",3594,"1","1","1","1","1","2","2",46,"2","2","2","2","1","1","1"
"1","3",12,"2","2",1768,"1","2","3","3","1","2","1",24,"2","1","1","2","1","1","1"
"1","3",60,"3","3",15653,"1","3","2","3","1","4","3",21,"2","2","2","3","1","2","1"
"1","3",12,"3","4",2247,"1","2","2","1","1","2","3",36,"1","2","2","3","1","2","1"
"1","3",24,"2","3",1413,"1","2","4","4","1","2","2",28,"2","2","1","3","1","1","1"
"1","2",45,"3","1",4576,"2","1","3","3","1","4","3",27,"2","2","1","3","1","1","1"
"1","1",24,"3","3",1231,"3","4","4","1","1","4","2",57,"2","1","2","4","1","2","1"
"0","1",36,"2","1",8335,"4","4","3","3","1","4","4",47,"2","3","1","3","1","1","1"
"1","2",36,"3","1",5800,"1","2","3","3","1","4","3",34,"2","2","2","3","1","2","1"
"1","1",18,"3","3",8471,"4","2","1","1","1","2","3",23,"2","1","2","3","1","2","1"
"1","1",30,"2","2",3622,"3","4","4","1","1","4","2",57,"2","1","2","3","1","2","1"
"1","1",6,"3","3",1169,"4","4","4","3","1","4","1",67,"2","2","2","3","1","2","1"
"1","3",15,"2","3",1262,"3","3","4","3","1","3","2",36,"2","2","2","3","1","2","1"
"1","3",24,"3","2",3617,"4","4","4","3","2","4","4",20,"2","1","2","3","1","1","1"
"1","2",30,"3","4",2181,"4","4","4","3","1","4","1",36,"2","2","2","3","1","1","1"
"0","1",48,"1","4",7685,"1","3","2","1","2","4","3",37,"2","1","1","3","1","1","1"
"1","3",48,"3","3",6110,"1","2","1","3","1","3","4",31,"1","3","1","3","1","2","1"
"1","3",24,"2","4",3757,"1","4","4","1","2","4","4",62,"2","3","1","3","1","2","1"
"1","1",42,"3","3",3394,"1","1","4","3","2","4","3",65,"2","2","2","1","1","1","1"
"1","3",36,"3","4",6304,"4","4","4","3","1","4","1",36,"2","2","2","3","1","1","1"
"1","3",9,"3","3",1244,"4","4","4","1","1","4","2",41,"2","1","2","2","1","1","1"
"1","3",6,"2","4",3518,"1","2","2","3","2","3","2",26,"2","1","1","3","1","1","1"
"1","3",36,"1","3",2613,"1","2","4","3","1","2","3",27,"2","2","2","3","1","1","1"
"1","1",48,"2","3",7476,"1","3","4","3","1","1","4",50,"2","3","1","4","1","2","1"
"0","3",24,"2","4",4591,"3","2","2","3","1","3","2",54,"2","2","2","4","1","2","1"
"0","2",18,"2","2",1924,"4","1","4","1","1","3","1",27,"2","1","1","3","1","1","1"
"0","2",72,"2","3",5595,"2","2","2","4","1","2","3",24,"2","2","1","3","1","1","1"
"0","2",48,"3","3",6224,"1","4","4","3","1","4","4",50,"2","3","1","3","1","1","1"
"1","3",15,"2","3",1905,"1","4","4","3","1","4","3",40,"2","1","1","4","1","2","1"
"1","3",21,"3","1",2993,"1","2","3","3","1","2","1",28,"1","2","2","2","1","1","1"
"1","3",36,"3","1",8947,"4","3","3","3","1","2","3",31,"1","2","1","4","2","2","1"
"1","1",24,"2","2",4020,"1","2","2","3","1","2","3",27,"1","2","1","3","1","1","1"
"1","2",18,"2","1",2779,"1","2","1","4","1","3","3",21,"2","1","1","3","1","2","1"
"1","3",21,"2","4",2782,"3","3","1","1","1","2","3",31,"1","2","1","4","1","1","1"
"1","3",12,"2","4",1884,"1","4","4","3","1","4","3",39,"2","2","1","4","1","2","1"
"1","3",36,"3","1",11054,"4","2","4","3","1","2","3",30,"2","2","1","4","1","2","1"
"1","2",60,"3","3",9157,"4","2","2","3","1","2","4",27,"2","3","1","4","1","1","1"
"1","2",42,"1","1",9283,"1","1","1","3","1","2","4",55,"1","3","1","4","1","2","1"
"1","3",60,"2","4",6527,"4","2","4","3","1","4","4",34,"2","3","1","3","2","2","1"
"1","3",15,"3","1",3368,"3","4","3","3","1","4","4",23,"2","1","2","3","1","2","1"
"1","1",15,"2","4",2511,"1","1","1","1","1","4","3",23,"2","1","1","3","1","1","1"
"1","1",36,"2","1",5493,"1","4","2","3","1","4","4",42,"2","3","1","3","2","1","1"
"1","3",6,"2","3",1338,"3","2","1","1","1","4","1",62,"2","2","1","3","1","1","1"
"1","2",9,"2","3",1082,"1","4","4","3","1","4","3",37,"2","2","2","2","1","1","1"
"1","3",18,"3","3",1149,"3","2","4","3","1","3","1",46,"2","2","2","3","1","1","1"
"1","2",15,"2","3",1308,"1","4","4","3","1","4","3",38,"2","2","2","2","1","1","1"
"1","2",20,"1","1",6148,"2","4","3","4","1","4","3",31,"1","2","2","3","1","2","1"
"1","3",12,"2","2",1736,"1","3","3","1","1","4","1",31,"2","2","1","2","1","1","1"
"1","3",12,"2","3",3059,"3","3","2","1","1","4","1",61,"2","2","1","2","1","1","1"
"0","1",24,"2","2",2996,"4","2","2","4","1","4","3",20,"2","2","1","3","1","1","1"
"1","3",30,"3","1",7596,"4","4","1","3","1","4","3",63,"2","2","2","3","1","1","1"
"1","3",30,"2","1",4811,"4","3","2","1","1","4","2",24,"1","1","1","2","1","1","1"
"1","3",6,"2","2",1766,"1","2","1","4","1","2","2",21,"2","1","1","3","1","1","1"
"1","2",24,"2","1",2760,"4","4","4","3","1","4","4",36,"1","3","1","3","1","2","1"
"1","3",24,"3","3",5507,"1","4","3","3","1","4","4",44,"2","3","2","3","1","1","1"
"1","2",9,"2","3",1199,"1","3","4","1","1","4","2",67,"2","2","2","4","1","2","1"
"1","3",24,"2","2",2892,"1","4","3","1","1","4","4",51,"2","3","1","3","1","1","1"
"1","2",36,"3","4",2862,"2","4","4","3","1","3","4",30,"2","3","1","3","1","1","1"
"0","1",9,"2","4",654,"1","2","4","3","1","3","3",28,"2","2","1","2","1","1","1"
"0","2",9,"3","3",1136,"3","4","4","3","1","3","4",32,"2","3","2","3","2","1","1"
"0","2",24,"2","1",4113,"3","1","3","1","1","4","3",28,"2","1","1","3","1","1","1"
"0","2",6,"2","4",14555,"4","1","1","3","1","2","2",23,"2","2","1","1","1","2","1"
"0","1",15,"1","4",950,"1","4","4","3","1","3","3",33,"2","1","2","3","2","1","1"
"0","1",24,"3","4",1199,"1","4","4","3","1","4","3",60,"2","2","2","2","1","1","1"
"0","1",12,"1","4",1082,"1","2","4","3","1","4","3",48,"1","2","2","3","1","1","1"
"0","2",30,"2","4",2150,"1","2","4","1","2","2","4",24,"1","2","1","3","1","1","1"
"0","2",36,"3","4",2820,"1","1","4","1","1","4","3",27,"2","2","2","3","1","1","1"
"0","2",48,"2","3",3060,"1","3","4","3","1","4","1",28,"2","2","2","3","1","1","1"
"0","1",18,"2","3",2600,"1","2","4","3","1","4","4",65,"2","3","2","3","1","1","1"
"0","3",21,"1","4",5003,"4","2","1","1","1","4","2",29,"1","2","2","3","1","2","1"
"0","2",60,"2","3",6288,"1","2","4","3","1","4","4",42,"2","3","1","3","1","1","1"
"0","3",24,"3","4",2538,"1","4","4","3","1","4","3",47,"2","2","2","2","2","1","1"
"0","3",9,"2","3",1478,"1","3","4","3","1","2","3",22,"2","2","1","3","1","1","1"
"0","2",39,"3","3",4933,"1","3","2","3","2","2","1",25,"2","2","2","3","1","1","1"
"0","3",18,"3","4",1530,"1","2","3","3","1","2","2",32,"1","2","2","3","1","1","1"
"0","2",9,"1","4",1437,"2","3","2","3","1","3","4",29,"2","2","1","3","1","1","1"
"0","1",15,"2","3",1275,"4","2","4","1","1","2","3",24,"2","1","1","3","1","1","1"
"0","1",24,"2","3",1823,"1","1","4","3","1","2","3",30,"1","2","1","4","2","1","1"
"0","1",9,"2","4",1422,"1","1","3","3","1","2","4",27,"2","3","1","4","1","2","1"
"0","1",18,"2","3",1217,"1","2","4","4","1","3","1",47,"2","2","1","2","1","2","1"
"0","1",36,"2","4",9271,"1","3","2","3","1","1","3",24,"2","2","1","3","1","2","1"
"0","1",36,"3","4",2145,"1","3","2","3","1","1","3",24,"2","2","2","3","1","2","1"
"0","1",36,"2","4",1842,"1","1","4","1","1","4","3",34,"2","2","1","3","1","2","1"
"0","2",18,"3","2",4297,"1","4","4","1","1","3","4",40,"2","2","1","4","1","2","1"
"0","1",6,"3","2",3384,"1","2","1","1","1","4","1",44,"2","1","1","4","1","2","1"
"0","2",18,"3","3",1245,"1","2","4","4","1","2","3",33,"2","2","1","3","1","1","1"
"0","3",15,"2","3",4623,"2","2","3","3","1","2","2",40,"2","2","1","4","1","2","1"
"0","2",30,"3","2",8386,"1","3","2","3","1","2","2",49,"2","2","1","3","1","1","1"
"0","1",24,"3","3",1024,"1","1","4","4","1","4","1",48,"1","2","1","3","1","1","1"
"0","2",36,"2","4",14318,"1","4","4","3","1","2","4",57,"2","3","1","4","1","2","1"
"0","2",6,"1","3",433,"3","1","4","1","1","2","2",24,"1","1","1","3","2","1","1"
"0","1",12,"1","3",2149,"1","2","4","1","1","1","4",29,"2","3","1","3","1","1","1"
"0","3",24,"2","3",2397,"3","4","3","3","1","2","3",35,"1","2","2","3","1","2","1"
"0","2",6,"1","4",931,"2","1","1","1","1","1","2",32,"1","2","1","2","1","1","1"
"0","2",15,"3","3",1512,"3","2","3","4","1","3","2",61,"1","2","2","3","1","1","1"
"0","2",24,"1","4",4241,"1","2","1","3","1","4","1",36,"2","2","2","2","1","2","1"
"0","2",24,"3","2",4736,"1","1","2","1","1","4","3",25,"1","2","1","2","1","1","1"
"0","2",15,"1","4",1778,"1","1","2","1","1","1","1",26,"2","1","2","1","1","1","1"
"0","3",15,"2","3",2327,"1","1","2","1","1","3","1",25,"2","2","1","2","1","1","1"
"0","1",24,"1","2",6872,"1","1","2","1","1","1","2",55,"1","2","1","3","1","2","1"
"0","1",12,"2","3",795,"1","1","4","1","1","4","2",53,"2","2","1","3","1","1","1"
"0","3",30,"3","4",1908,"1","4","4","3","1","4","1",66,"2","2","1","4","1","2","1"
"0","2",36,"1","4",1953,"1","4","4","3","1","4","4",61,"2","3","1","4","1","2","1"
"0","3",18,"2","2",2864,"1","2","2","3","1","1","1",34,"2","2","1","2","2","1","1"
"0","3",21,"3","3",2319,"1","1","2","1","1","1","3",33,"2","1","1","3","1","1","1"
"0","1",24,"2","4",915,"4","4","4","1","1","2","3",29,"1","2","1","3","1","1","1"
"0","3",24,"2","4",947,"1","3","4","3","1","3","4",38,"1","3","1","3","2","1","1"
"0","1",24,"2","4",1381,"4","2","4","1","1","2","2",35,"2","2","1","3","1","1","1"
"0","1",24,"2","4",1285,"4","3","4","1","1","4","4",32,"2","1","1","3","1","1","1"
"0","1",24,"2","4",1371,"4","2","4","1","1","4","1",25,"2","1","1","3","1","1","1"
"0","2",18,"2","4",1042,"4","2","4","1","1","2","2",33,"2","2","1","3","1","1","1"
"0","1",12,"2","4",900,"4","2","4","4","1","2","3",23,"2","2","1","3","1","1","1"
"0","1",24,"2","4",1207,"1","1","4","1","1","4","2",24,"2","1","1","3","1","1","1"
"0","2",18,"1","4",2278,"2","1","3","1","1","3","3",28,"2","2","2","3","1","1","1"
"0","1",60,"3","4",6836,"1","4","3","3","1","4","4",63,"2","2","2","3","1","2","1"
"0","1",24,"2","2",3345,"1","4","4","3","1","2","2",39,"2","1","1","4","1","2","1"
"0","1",6,"1","3",1198,"1","4","4","1","1","4","4",35,"2","3","1","3","1","1","1"
"0","2",48,"2","4",15672,"1","2","2","3","1","2","3",23,"2","2","1","3","1","2","1"
"0","1",60,"2","4",7297,"1","4","4","3","2","4","4",36,"2","1","1","3","1","1","1"
"0","3",18,"2","3",1943,"1","1","4","1","1","4","1",23,"2","2","1","3","1","1","1"
"0","1",18,"2","3",3190,"1","2","2","1","1","2","1",24,"2","2","1","3","1","1","1"
"0","2",9,"1","1",5129,"1","4","2","1","1","4","4",74,"1","3","1","4","2","2","1"
"0","3",18,"3","2",1808,"1","3","4","1","1","1","1",22,"2","2","1","3","1","1","1"
"0","3",10,"2","4",1240,"2","4","1","1","1","4","4",48,"2","3","1","2","2","1","1"
"0","1",12,"2","4",759,"1","3","4","3","1","2","1",26,"2","2","1","3","1","1","1"
"0","2",8,"2","2",1237,"1","2","3","1","1","4","1",24,"2","2","1","3","1","1","1"
"0","3",9,"2","2",1980,"1","1","2","1","2","2","3",19,"2","1","2","3","1","1","1"
"0","2",48,"2","3",10961,"3","3","1","3","2","2","4",27,"1","2","2","3","1","2","1"
"0","1",36,"3","3",6887,"1","2","4","3","1","3","2",29,"1","2","1","3","1","2","1"
"0","1",24,"2","3",1938,"1","1","4","1","1","3","2",32,"2","2","1","3","1","1","1"
"0","1",21,"2","3",1835,"1","2","3","1","1","2","1",25,"2","2","2","3","1","2","1"
"0","1",24,"3","3",1659,"1","1","4","1","1","2","3",29,"2","1","1","2","1","2","1"
"0","2",6,"3","4",1209,"1","1","4","3","1","4","2",47,"2","2","1","4","1","2","1"
"0","2",48,"1","4",3844,"2","3","4","3","1","4","4",34,"2","3","1","2","2","1","1"
"0","1",12,"3","4",4843,"1","4","3","3","2","4","2",43,"2","1","2","3","1","2","1"
"0","2",12,"2","3",639,"1","2","4","3","1","2","3",30,"2","2","1","3","1","1","1"
"0","2",48,"2","3",5951,"1","2","2","1","1","2","1",22,"2","2","1","3","1","1","1"
"0","2",36,"1","3",3804,"1","2","4","1","1","1","3",42,"2","2","1","3","1","2","1"
"0","3",36,"3","3",4463,"1","2","4","3","1","2","3",26,"2","2","2","4","1","2","1"
"0","3",36,"3","4",7980,"4","1","4","3","1","4","3",27,"2","1","2","3","1","2","1"
"0","3",36,"2","3",4210,"1","2","4","3","1","2","3",26,"2","2","1","3","1","1","1"
"0","3",6,"2","2",4611,"1","1","1","1","1","4","2",32,"2","2","1","3","1","1","1"
"0","2",24,"2","1",11560,"1","2","1","1","1","4","3",23,"2","1","2","4","1","1","1"
"0","3",18,"1","4",4165,"1","2","2","3","1","2","3",36,"1","2","2","3","2","1","1"
"0","2",24,"2","2",4057,"1","3","3","1","1","3","3",43,"2","2","1","3","1","2","1"
"0","3",18,"1","4",6458,"1","4","2","3","1","4","4",39,"1","2","2","4","2","2","1"
"0","3",12,"2","4",1386,"3","2","2","1","1","2","2",26,"2","2","1","3","1","1","1"
"0","1",36,"2","3",1977,"4","4","4","3","1","4","4",40,"2","2","1","4","1","2","1"
"0","2",18,"3","2",1928,"1","1","2","3","1","2","1",31,"2","2","2","2","1","1","1"
"0","3",12,"2","2",1123,"3","2","4","1","1","4","3",29,"2","1","1","2","1","1","1"
"0","2",24,"2","4",11328,"1","2","2","3","2","3","3",29,"1","2","2","4","1","2","1"
"0","2",24,"3","4",11938,"1","2","2","3","2","3","3",39,"2","2","2","4","2","2","1"
"0","2",27,"3","3",2520,"3","2","4","3","1","2","2",23,"2","2","2","2","1","1","1"
"0","2",30,"3","3",1919,"2","1","4","3","1","3","4",30,"1","2","2","4","1","1","1"
"0","2",60,"1","4",14782,"2","4","3","1","1","4","4",60,"1","3","2","4","1","2","1"
"0","2",36,"2","3",2671,"2","2","4","1","2","4","4",50,"2","3","1","3","1","1","1"
"0","2",36,"2","3",12612,"2","2","1","3","1","4","4",47,"2","3","1","3","2","2","1"
"0","2",45,"2","3",3031,"2","2","4","3","2","4","2",21,"2","1","1","3","1","1","1"
"0","1",12,"1","3",626,"1","2","4","1","1","4","1",24,"1","2","1","2","1","1","1"
"0","2",24,"3","4",1935,"1","4","4","1","1","4","1",31,"2","2","2","3","1","2","1"
"0","3",24,"3","4",1344,"4","3","4","3","1","2","1",37,"1","2","2","2","2","1","1"
"0","3",18,"2","2",1533,"1","1","4","4","2","1","2",43,"2","2","1","2","2","1","1"
"0","1",48,"2","4",3931,"1","3","4","3","1","4","4",46,"2","3","1","3","2","1","1"
"0","1",24,"1","2",3349,"3","1","4","3","1","4","4",30,"2","3","1","3","2","2","1"
"0","1",36,"2","3",2302,"1","2","4","1","1","4","3",31,"2","1","1","3","1","1","1"
"0","1",42,"2","3",3965,"1","1","4","3","1","3","3",34,"2","2","1","3","1","1","1"
"0","1",12,"2","3",727,"2","1","4","4","1","3","4",33,"2","2","1","2","1","2","1"
"0","3",48,"2","4",3914,"4","2","4","1","1","2","1",38,"1","2","1","3","1","1","1"
"0","1",48,"2","4",4308,"1","1","3","1","1","4","2",24,"2","1","1","3","1","1","1"
"0","2",12,"2","3",1534,"1","1","1","4","1","1","1",23,"2","1","1","3","1","1","1"
"0","3",18,"3","4",2775,"1","3","2","3","1","2","2",31,"1","2","2","3","1","1","1"
"0","1",40,"3","3",5998,"1","2","4","3","1","3","4",27,"1","2","1","3","1","2","1"
"0","3",15,"3","3",1271,"4","2","3","3","1","4","4",39,"2","3","2","3","1","2","1"
"0","2",12,"2","4",1295,"1","1","3","1","1","1","3",25,"2","1","1","3","1","1","1"
"0","2",36,"2","1",9398,"1","1","1","4","1","4","3",28,"2","1","1","4","1","2","1"
"0","2",12,"2","2",951,"2","1","4","1","1","4","3",27,"1","1","2","3","1","1","1"
"0","2",24,"2","4",1355,"1","1","3","1","1","4","3",25,"2","2","1","2","1","2","1"
"0","1",48,"2","3",3051,"1","2","3","3","1","4","3",54,"2","2","1","3","1","1","1"
"0","3",36,"3","4",7855,"1","2","4","1","1","2","1",25,"1","2","2","3","1","2","1"
"0","3",18,"2","3",433,"1","1","3","1","2","4","1",22,"2","1","1","3","1","1","1"
"0","3",36,"3","4",9572,"1","1","1","1","1","1","3",28,"2","2","2","3","1","1","1"
"0","2",24,"1","3",1837,"1","3","4","1","1","4","4",34,"1","3","1","2","1","1","1"
"0","2",30,"3","4",4249,"1","1","4","4","1","2","3",28,"2","2","2","4","1","1","1"
"0","2",30,"3","4",5234,"1","1","4","4","1","2","3",28,"2","2","2","4","1","1","1"
"0","1",48,"2","3",6758,"1","2","3","1","1","2","3",31,"2","2","1","3","1","2","1"
"0","1",9,"2","3",1366,"1","1","3","1","1","4","2",22,"2","1","1","3","1","1","1"
"0","1",24,"1","4",1358,"4","4","4","3","1","3","3",40,"1","2","1","4","1","2","1"
"0","1",18,"2","2",2473,"1","1","4","3","1","1","3",25,"2","2","1","1","1","1","1"
"0","3",9,"1","3",1337,"1","1","4","3","1","2","3",34,"2","2","2","4","1","2","1"
"0","1",48,"2","4",7763,"1","4","4","3","1","4","4",42,"1","3","1","4","1","1","1"
"0","2",15,"1","4",1264,"2","2","2","4","1","2","2",25,"2","1","1","3","1","1","1"
"0","2",15,"2","4",2631,"2","2","2","1","1","4","3",28,"2","1","2","3","1","2","1"
"0","2",48,"2","4",6560,"2","3","3","3","1","2","2",24,"2","2","1","3","1","1","1"
"0","1",24,"2","4",3123,"1","1","4","1","1","1","2",27,"2","2","1","3","1","1","1"
"0","1",36,"3","3",8065,"1","2","3","1","1","2","4",25,"2","2","2","4","1","2","1"
"0","1",24,"2","3",2439,"1","1","4","1","1","4","1",35,"2","2","1","3","1","2","1"
"0","2",36,"2","2",9034,"2","1","4","3","2","1","4",29,"2","1","1","4","1","2","1"
"0","2",60,"2","4",14027,"1","3","4","3","1","2","4",27,"2","2","1","4","1","2","1"
"0","1",36,"3","1",9629,"1","3","4","3","1","4","3",24,"2","2","2","3","1","2","1"
"0","2",12,"2","3",1484,"4","2","2","4","1","1","1",25,"2","2","1","3","1","2","1"
"0","1",18,"2","2",1131,"1","1","4","1","1","2","3",33,"2","2","1","3","1","1","1"
"0","2",24,"3","2",2064,"1","1","3","1","1","2","2",34,"2","2","1","4","1","2","1"
"0","2",18,"2","1",12976,"1","1","3","1","1","4","4",38,"2","3","1","4","1","2","1"
"0","3",21,"3","4",2580,"3","1","4","3","1","2","1",41,"1","2","1","2","2","1","1"
"0","3",27,"2","4",2570,"1","2","3","1","1","3","1",21,"2","1","1","3","1","1","1"
"0","2",27,"2","4",3915,"1","2","4","3","1","2","3",36,"2","2","1","3","2","2","1"
"0","3",10,"2","4",1309,"4","2","4","3","2","4","2",27,"2","2","1","2","1","1","1"
"0","1",24,"2","4",4817,"1","3","2","3","2","3","2",31,"2","2","1","3","1","2","1"
"0","1",12,"2","4",2579,"1","1","4","3","1","1","1",33,"2","2","1","2","2","1","1"
"0","2",36,"3","4",2225,"1","4","4","3","1","4","4",57,"1","3","2","3","1","2","1"
"0","1",18,"2","2",4153,"1","2","2","3","2","3","3",42,"2","2","1","3","1","1","1"
"0","1",18,"1","2",3114,"1","1","1","1","1","4","2",26,"2","1","1","3","1","1","1"
"0","1",18,"3","2",2124,"1","2","4","1","1","4","1",24,"2","1","2","3","1","1","1"
"0","1",18,"1","2",1553,"1","2","4","3","1","3","3",44,"1","2","1","3","1","1","1"
"0","1",30,"2","2",2406,"1","3","4","1","1","4","1",23,"2","1","1","3","1","1","1"
"0","1",24,"3","4",1333,"1","1","4","3","1","2","1",43,"2","3","2","3","2","1","1"
"0","1",48,"1","2",7119,"1","2","3","3","1","4","4",53,"2","3","2","3","2","1","1"
"0","1",24,"3","4",4870,"1","2","3","3","1","4","4",53,"2","3","2","3","2","1","1"
"0","1",12,"3","4",691,"1","4","4","3","1","3","2",35,"2","2","2","3","1","1","1"
"0","1",42,"3","3",4370,"1","3","3","3","1","2","2",26,"1","2","2","3","2","2","1"
"0","1",36,"1","2",2746,"1","4","4","3","1","4","3",31,"1","2","1","3","1","1","1"
"0","1",24,"1","2",4110,"1","4","3","3","1","4","4",23,"1","1","2","3","2","1","1"
"0","1",18,"2","2",2462,"1","2","2","3","1","2","3",22,"2","2","1","3","1","1","1"
"0","1",12,"2","2",1282,"1","2","2","1","1","4","3",20,"2","1","1","3","1","1","1"
"0","2",12,"1","2",2969,"1","1","4","1","1","3","2",25,"2","1","2","3","1","1","1"
"0","1",48,"1","1",4605,"1","4","3","3","1","4","4",24,"2","3","2","3","2","1","1"
"0","1",48,"3","1",6331,"1","4","4","3","1","4","4",46,"2","3","2","3","1","2","1"
"0","1",24,"1","2",3552,"1","3","3","3","1","4","3",27,"1","2","1","3","1","1","1"
"0","1",12,"1","4",697,"1","1","4","3","1","2","3",46,"1","2","2","3","1","2","1"
"0","1",24,"2","4",1442,"1","3","4","1","1","4","3",23,"2","1","2","3","1","1","1"
"0","1",27,"1","4",5293,"1","1","2","3","1","4","2",50,"2","2","2","3","1","2","1"
"0","1",21,"3","3",3414,"1","1","2","3","1","1","2",26,"1","2","2","3","1","1","1"
"0","1",18,"2","2",2039,"1","2","1","1","1","4","1",20,"2","1","1","3","1","1","1"
"0","1",24,"1","4",3161,"1","2","4","3","1","2","2",31,"1","1","1","3","1","2","1"
"0","1",12,"2","4",902,"1","3","4","4","1","4","2",21,"2","1","1","3","1","1","1"
"0","1",48,"2","1",10297,"1","3","4","3","1","4","4",39,"2","3","2","3","2","2","1"
"0","2",48,"1","4",14421,"1","2","2","3","1","2","3",25,"1","2","1","3","1","2","1"
"0","2",18,"3","4",1056,"1","4","3","3","2","3","1",30,"2","2","2","3","1","1","1"
"0","1",12,"2","4",1274,"1","1","3","1","1","1","1",37,"1","2","1","2","1","1","1"
"0","2",12,"2","4",1223,"1","4","1","1","1","1","1",46,"2","1","2","3","1","1","1"
"0","1",12,"2","4",1372,"1","3","2","1","1","3","3",36,"2","2","1","3","1","1","1"
"0","1",16,"3","4",2625,"1","4","2","3","2","4","2",43,"2","1","1","3","1","2","2"
"0","1",20,"3","4",2235,"1","2","4","4","2","2","2",33,"1","1","2","3","1","1","2"
"0","2",9,"2","2",959,"1","2","1","1","1","2","3",29,"1","2","1","3","1","1","1"
"0","2",18,"3","4",884,"1","4","4","3","1","4","3",36,"2","2","1","3","2","2","1"
"0","2",24,"2","4",1246,"1","1","4","3","1","2","1",23,"1","2","1","2","1","1","1"
"0","2",36,"3","4",8086,"2","4","2","3","1","4","3",42,"1","2","2","4","1","2","1"
"0","3",48,"3","4",10127,"3","2","2","3","1","2","4",44,"2","3","1","3","1","1","1"
"0","2",12,"2","4",888,"1","4","4","3","1","4","3",41,"1","2","1","2","2","1","1"
"0","3",12,"2","3",719,"1","4","4","3","1","4","3",41,"1","2","1","2","2","1","1"
"0","2",36,"2","4",12389,"4","2","1","3","1","4","4",37,"1","3","1","3","1","2","1"
"0","1",12,"2","3",709,"1","4","4","3","1","4","1",57,"2","2","1","2","1","1","1"
"0","2",15,"1","4",6850,"2","1","1","3","1","2","2",34,"1","2","1","4","2","2","1"
"0","3",10,"2","2",2210,"1","2","2","3","1","2","1",25,"2","1","1","2","1","1","1"
"0","3",30,"1","1",7485,"4","1","4","1","1","1","1",53,"1","2","1","4","1","2","1"
"0","1",18,"1","4",1442,"1","3","4","3","1","4","4",32,"1","3","2","2","2","1","1"
"0","3",12,"3","3",797,"4","4","4","1","1","3","2",33,"2","2","1","2","2","1","1"
"0","2",45,"3","3",4746,"1","1","4","3","1","2","2",24,"1","2","2","2","1","1","1"
"0","3",12,"3","4",939,"3","3","4","4","1","2","1",28,"2","2","2","3","1","2","1"
"0","2",21,"2","4",1188,"1","4","2","1","1","4","2",39,"2","2","1","3","2","1","1"
"0","3",48,"3","1",11590,"2","2","2","1","1","4","3",24,"2","1","2","2","1","1","1"
"0","3",12,"1","4",609,"1","1","4","1","1","1","1",26,"1","2","1","1","1","1","1"
"0","1",18,"3","3",1190,"1","1","2","1","1","4","4",55,"2","3","2","1","2","1","1"
"0","2",21,"2","4",2767,"2","4","4","1","1","2","3",61,"2","1","2","2","1","1","1"
"0","2",30,"2","2",3441,"2","2","2","1","2","4","3",21,"1","1","1","3","1","1","1"
"0","2",30,"1","4",4280,"2","2","4","1","1","4","3",26,"2","1","2","2","1","1","1"
"0","2",24,"2","3",3092,"2","1","3","4","1","2","3",22,"2","1","1","3","1","2","1"
"0","3",18,"2","4",6761,"4","2","2","3","1","4","3",68,"1","1","2","3","1","1","1"
"0","2",12,"2","3",1331,"1","1","2","3","1","1","3",22,"2","2","1","3","1","1","1"
"0","2",54,"1","4",15945,"1","1","3","3","1","4","4",58,"2","1","1","3","1","2","1"
"0","1",24,"2","2",3234,"1","1","4","1","1","4","1",23,"2","1","1","2","1","2","1"
"0","2",15,"2","3",802,"1","4","4","3","1","3","3",37,"2","2","1","3","2","1","1"
"0","2",48,"2","2",9960,"1","1","1","1","1","2","3",26,"1","2","1","3","1","2","1"
"0","3",24,"3","4",8648,"1","1","2","3","1","2","3",27,"1","2","2","3","1","2","1"
"0","1",18,"2","3",1345,"1","2","4","4","1","3","1",26,"2","2","1","3","1","1","1"
"0","1",45,"2","3",1845,"1","2","4","3","1","4","4",23,"2","3","1","3","1","2","1"
"0","1",21,"1","4",1647,"4","2","4","3","1","2","2",40,"1","2","2","2","2","1","1"
"0","3",48,"2","4",4844,"1","1","3","3","1","2","3",33,"2","1","1","4","1","2","1"
"0","2",27,"1","4",8318,"1","4","2","1","1","4","4",42,"1","3","2","4","1","2","1"
"0","3",18,"2","3",2100,"1","2","4","3","2","2","1",37,"2","2","1","3","1","1","1"
"0","1",45,"1","4",11816,"1","4","2","3","1","4","3",29,"2","1","2","3","1","1","1"
"0","1",6,"2","3",448,"1","1","4","1","1","4","2",23,"2","2","1","3","1","1","1"
"0","1",30,"2","3",11998,"1","1","1","1","1","1","4",34,"1","2","1","2","1","2","1"
"0","2",48,"1","4",18424,"1","2","1","1","1","2","2",32,"1","2","1","4","1","2","2"
"0","1",6,"2","4",14896,"1","4","1","3","1","4","4",68,"1","2","1","4","1","2","1"
"0","2",12,"2","2",2762,"4","4","1","1","1","2","2",25,"2","2","1","3","1","2","1"
"0","1",12,"2","1",3386,"1","4","3","3","1","4","4",35,"2","3","1","3","1","2","1"
"0","2",24,"2","3",2039,"1","1","1","4","1","1","2",22,"2","2","1","3","1","2","1"
"0","3",18,"3","4",2169,"1","2","4","4","1","2","3",28,"2","2","1","3","1","2","1"
"0","2",48,"3","2",5096,"1","2","2","1","1","3","3",30,"2","2","1","4","1","2","1"
"0","1",18,"2","3",1882,"1","2","4","1","1","4","3",25,"1","1","2","3","1","1","1"
"0","1",48,"2","3",6999,"1","3","1","4","2","1","1",34,"2","2","2","3","1","2","1"
"0","3",12,"3","4",2292,"1","1","4","3","1","2","3",42,"1","2","2","4","1","2","1"
"0","1",14,"2","4",8978,"1","4","1","1","1","4","2",45,"2","2","1","4","1","2","2"
"0","1",12,"2","3",674,"2","3","4","4","1","1","2",20,"2","2","1","3","1","1","1"
"0","1",18,"2","4",976,"1","1","1","1","1","2","3",23,"2","2","1","2","1","1","1"
"0","2",24,"2","4",2718,"1","2","3","1","1","4","2",20,"2","1","1","2","1","2","1"
"0","1",18,"2","3",750,"1","1","4","1","1","1","1",27,"2","2","1","1","1","1","1"
"0","2",24,"2","1",12579,"1","4","4","1","1","2","4",44,"2","3","1","4","1","2","1"
"0","1",18,"2","1",7511,"4","4","1","3","1","4","2",51,"2","3","1","3","2","2","1"
"0","1",18,"3","4",3966,"1","4","1","1","1","4","1",33,"1","1","2","3","1","2","1"
"0","1",12,"1","3",6199,"1","2","4","3","1","2","2",28,"2","1","2","3","1","2","1"
"0","1",24,"2","3",1987,"1","2","2","3","1","4","1",21,"2","1","1","2","2","1","1"
"0","1",24,"2","4",2303,"1","4","4","3","2","1","1",45,"2","2","1","3","1","1","1"
"0","3",21,"3","4",12680,"4","4","4","3","1","4","4",30,"2","3","1","4","1","2","1"
"0","2",12,"2","3",6468,"4","1","2","3","1","1","4",52,"2","2","1","4","1","2","1"
"0","1",30,"2","2",6350,"4","4","4","3","1","4","2",31,"2","2","1","3","1","1","1"
